Subject,Topic,Marks,Question
Physics,Newton's Laws,1,What are the fundamental principles of Newton's Laws in Physics?
Physics,Newton's Laws,1,Explain Newton's Laws with a real-life example.
Physics,Newton's Laws,1,Discuss the significance of Newton's Laws in Physics.
Physics,Newton's Laws,1,How is Newton's Laws applied in practical scenarios?
Physics,Newton's Laws,1,Compare and contrast Newton's Laws with related concepts in Physics.
Physics,Newton's Laws,1,Describe a case study related to Newton's Laws in Physics.
Physics,Newton's Laws,1,Explain the historical development of Newton's Laws in Physics.
Physics,Newton's Laws,1,"What challenges arise in the study of Newton's Laws, and how can they be addressed?"
Physics,Newton's Laws,1,Illustrate Newton's Laws with an example and explain its key features.
Physics,Newton's Laws,1,Analyze the impact of Newton's Laws in modern Physics studies.
Physics,Newton's Laws,1,Explain how Newton's Laws affects other concepts within Physics.
Physics,Newton's Laws,1,Discuss any recent advancements related to Newton's Laws.
Physics,Newton's Laws,1,Provide an in-depth explanation of Newton's Laws and its role in Physics.
Physics,Newton's Laws,1,What are the ethical considerations related to Newton's Laws?
Physics,Newton's Laws,1,Critically evaluate the importance of Newton's Laws in the study of Physics.
Physics,Newton's Laws,2,What are the fundamental principles of Newton's Laws in Physics?
Physics,Newton's Laws,2,Explain Newton's Laws with a real-life example.
Physics,Newton's Laws,2,Discuss the significance of Newton's Laws in Physics.
Physics,Newton's Laws,2,How is Newton's Laws applied in practical scenarios?
Physics,Newton's Laws,2,Compare and contrast Newton's Laws with related concepts in Physics.
Physics,Newton's Laws,2,Describe a case study related to Newton's Laws in Physics.
Physics,Newton's Laws,2,Explain the historical development of Newton's Laws in Physics.
Physics,Newton's Laws,2,"What challenges arise in the study of Newton's Laws, and how can they be addressed?"
Physics,Newton's Laws,2,Illustrate Newton's Laws with an example and explain its key features.
Physics,Newton's Laws,2,Analyze the impact of Newton's Laws in modern Physics studies.
Physics,Newton's Laws,2,Explain how Newton's Laws affects other concepts within Physics.
Physics,Newton's Laws,2,Discuss any recent advancements related to Newton's Laws.
Physics,Newton's Laws,2,Provide an in-depth explanation of Newton's Laws and its role in Physics.
Physics,Newton's Laws,2,What are the ethical considerations related to Newton's Laws?
Physics,Newton's Laws,2,Critically evaluate the importance of Newton's Laws in the study of Physics.
Physics,Newton's Laws,3,What are the fundamental principles of Newton's Laws in Physics?
Physics,Newton's Laws,3,Explain Newton's Laws with a real-life example.
Physics,Newton's Laws,3,Discuss the significance of Newton's Laws in Physics.
Physics,Newton's Laws,3,How is Newton's Laws applied in practical scenarios?
Physics,Newton's Laws,3,Compare and contrast Newton's Laws with related concepts in Physics.
Physics,Newton's Laws,3,Describe a case study related to Newton's Laws in Physics.
Physics,Newton's Laws,3,Explain the historical development of Newton's Laws in Physics.
Physics,Newton's Laws,3,"What challenges arise in the study of Newton's Laws, and how can they be addressed?"
Physics,Newton's Laws,3,Illustrate Newton's Laws with an example and explain its key features.
Physics,Newton's Laws,3,Analyze the impact of Newton's Laws in modern Physics studies.
Physics,Newton's Laws,3,Explain how Newton's Laws affects other concepts within Physics.
Physics,Newton's Laws,3,Discuss any recent advancements related to Newton's Laws.
Physics,Newton's Laws,3,Provide an in-depth explanation of Newton's Laws and its role in Physics.
Physics,Newton's Laws,3,What are the ethical considerations related to Newton's Laws?
Physics,Newton's Laws,3,Critically evaluate the importance of Newton's Laws in the study of Physics.
Physics,Newton's Laws,4,What are the fundamental principles of Newton's Laws in Physics?
Physics,Newton's Laws,4,Explain Newton's Laws with a real-life example.
Physics,Newton's Laws,4,Discuss the significance of Newton's Laws in Physics.
Physics,Newton's Laws,4,How is Newton's Laws applied in practical scenarios?
Physics,Newton's Laws,4,Compare and contrast Newton's Laws with related concepts in Physics.
Physics,Newton's Laws,4,Describe a case study related to Newton's Laws in Physics.
Physics,Newton's Laws,4,Explain the historical development of Newton's Laws in Physics.
Physics,Newton's Laws,4,"What challenges arise in the study of Newton's Laws, and how can they be addressed?"
Physics,Newton's Laws,4,Illustrate Newton's Laws with an example and explain its key features.
Physics,Newton's Laws,4,Analyze the impact of Newton's Laws in modern Physics studies.
Physics,Newton's Laws,4,Explain how Newton's Laws affects other concepts within Physics.
Physics,Newton's Laws,4,Discuss any recent advancements related to Newton's Laws.
Physics,Newton's Laws,4,Provide an in-depth explanation of Newton's Laws and its role in Physics.
Physics,Newton's Laws,4,What are the ethical considerations related to Newton's Laws?
Physics,Newton's Laws,4,Critically evaluate the importance of Newton's Laws in the study of Physics.
Physics,Electromagnetism,1,What are the fundamental principles of Electromagnetism in Physics?
Physics,Electromagnetism,1,Explain Electromagnetism with a real-life example.
Physics,Electromagnetism,1,Discuss the significance of Electromagnetism in Physics.
Physics,Electromagnetism,1,How is Electromagnetism applied in practical scenarios?
Physics,Electromagnetism,1,Compare and contrast Electromagnetism with related concepts in Physics.
Physics,Electromagnetism,1,Describe a case study related to Electromagnetism in Physics.
Physics,Electromagnetism,1,Explain the historical development of Electromagnetism in Physics.
Physics,Electromagnetism,1,"What challenges arise in the study of Electromagnetism, and how can they be addressed?"
Physics,Electromagnetism,1,Illustrate Electromagnetism with an example and explain its key features.
Physics,Electromagnetism,1,Analyze the impact of Electromagnetism in modern Physics studies.
Physics,Electromagnetism,1,Explain how Electromagnetism affects other concepts within Physics.
Physics,Electromagnetism,1,Discuss any recent advancements related to Electromagnetism.
Physics,Electromagnetism,1,Provide an in-depth explanation of Electromagnetism and its role in Physics.
Physics,Electromagnetism,1,What are the ethical considerations related to Electromagnetism?
Physics,Electromagnetism,1,Critically evaluate the importance of Electromagnetism in the study of Physics.
Physics,Electromagnetism,2,What are the fundamental principles of Electromagnetism in Physics?
Physics,Electromagnetism,2,Explain Electromagnetism with a real-life example.
Physics,Electromagnetism,2,Discuss the significance of Electromagnetism in Physics.
Physics,Electromagnetism,2,How is Electromagnetism applied in practical scenarios?
Physics,Electromagnetism,2,Compare and contrast Electromagnetism with related concepts in Physics.
Physics,Electromagnetism,2,Describe a case study related to Electromagnetism in Physics.
Physics,Electromagnetism,2,Explain the historical development of Electromagnetism in Physics.
Physics,Electromagnetism,2,"What challenges arise in the study of Electromagnetism, and how can they be addressed?"
Physics,Electromagnetism,2,Illustrate Electromagnetism with an example and explain its key features.
Physics,Electromagnetism,2,Analyze the impact of Electromagnetism in modern Physics studies.
Physics,Electromagnetism,2,Explain how Electromagnetism affects other concepts within Physics.
Physics,Electromagnetism,2,Discuss any recent advancements related to Electromagnetism.
Physics,Electromagnetism,2,Provide an in-depth explanation of Electromagnetism and its role in Physics.
Physics,Electromagnetism,2,What are the ethical considerations related to Electromagnetism?
Physics,Electromagnetism,2,Critically evaluate the importance of Electromagnetism in the study of Physics.
Physics,Electromagnetism,3,What are the fundamental principles of Electromagnetism in Physics?
Physics,Electromagnetism,3,Explain Electromagnetism with a real-life example.
Physics,Electromagnetism,3,Discuss the significance of Electromagnetism in Physics.
Physics,Electromagnetism,3,How is Electromagnetism applied in practical scenarios?
Physics,Electromagnetism,3,Compare and contrast Electromagnetism with related concepts in Physics.
Physics,Electromagnetism,3,Describe a case study related to Electromagnetism in Physics.
Physics,Electromagnetism,3,Explain the historical development of Electromagnetism in Physics.
Physics,Electromagnetism,3,"What challenges arise in the study of Electromagnetism, and how can they be addressed?"
Physics,Electromagnetism,3,Illustrate Electromagnetism with an example and explain its key features.
Physics,Electromagnetism,3,Analyze the impact of Electromagnetism in modern Physics studies.
Physics,Electromagnetism,3,Explain how Electromagnetism affects other concepts within Physics.
Physics,Electromagnetism,3,Discuss any recent advancements related to Electromagnetism.
Physics,Electromagnetism,3,Provide an in-depth explanation of Electromagnetism and its role in Physics.
Physics,Electromagnetism,3,What are the ethical considerations related to Electromagnetism?
Physics,Electromagnetism,3,Critically evaluate the importance of Electromagnetism in the study of Physics.
Physics,Electromagnetism,4,What are the fundamental principles of Electromagnetism in Physics?
Physics,Electromagnetism,4,Explain Electromagnetism with a real-life example.
Physics,Electromagnetism,4,Discuss the significance of Electromagnetism in Physics.
Physics,Electromagnetism,4,How is Electromagnetism applied in practical scenarios?
Physics,Electromagnetism,4,Compare and contrast Electromagnetism with related concepts in Physics.
Physics,Electromagnetism,4,Describe a case study related to Electromagnetism in Physics.
Physics,Electromagnetism,4,Explain the historical development of Electromagnetism in Physics.
Physics,Electromagnetism,4,"What challenges arise in the study of Electromagnetism, and how can they be addressed?"
Physics,Electromagnetism,4,Illustrate Electromagnetism with an example and explain its key features.
Physics,Electromagnetism,4,Analyze the impact of Electromagnetism in modern Physics studies.
Physics,Electromagnetism,4,Explain how Electromagnetism affects other concepts within Physics.
Physics,Electromagnetism,4,Discuss any recent advancements related to Electromagnetism.
Physics,Electromagnetism,4,Provide an in-depth explanation of Electromagnetism and its role in Physics.
Physics,Electromagnetism,4,What are the ethical considerations related to Electromagnetism?
Physics,Electromagnetism,4,Critically evaluate the importance of Electromagnetism in the study of Physics.
Physics,Optics,1,What are the fundamental principles of Optics in Physics?
Physics,Optics,1,Explain Optics with a real-life example.
Physics,Optics,1,Discuss the significance of Optics in Physics.
Physics,Optics,1,How is Optics applied in practical scenarios?
Physics,Optics,1,Compare and contrast Optics with related concepts in Physics.
Physics,Optics,1,Describe a case study related to Optics in Physics.
Physics,Optics,1,Explain the historical development of Optics in Physics.
Physics,Optics,1,"What challenges arise in the study of Optics, and how can they be addressed?"
Physics,Optics,1,Illustrate Optics with an example and explain its key features.
Physics,Optics,1,Analyze the impact of Optics in modern Physics studies.
Physics,Optics,1,Explain how Optics affects other concepts within Physics.
Physics,Optics,1,Discuss any recent advancements related to Optics.
Physics,Optics,1,Provide an in-depth explanation of Optics and its role in Physics.
Physics,Optics,1,What are the ethical considerations related to Optics?
Physics,Optics,1,Critically evaluate the importance of Optics in the study of Physics.
Physics,Optics,2,What are the fundamental principles of Optics in Physics?
Physics,Optics,2,Explain Optics with a real-life example.
Physics,Optics,2,Discuss the significance of Optics in Physics.
Physics,Optics,2,How is Optics applied in practical scenarios?
Physics,Optics,2,Compare and contrast Optics with related concepts in Physics.
Physics,Optics,2,Describe a case study related to Optics in Physics.
Physics,Optics,2,Explain the historical development of Optics in Physics.
Physics,Optics,2,"What challenges arise in the study of Optics, and how can they be addressed?"
Physics,Optics,2,Illustrate Optics with an example and explain its key features.
Physics,Optics,2,Analyze the impact of Optics in modern Physics studies.
Physics,Optics,2,Explain how Optics affects other concepts within Physics.
Physics,Optics,2,Discuss any recent advancements related to Optics.
Physics,Optics,2,Provide an in-depth explanation of Optics and its role in Physics.
Physics,Optics,2,What are the ethical considerations related to Optics?
Physics,Optics,2,Critically evaluate the importance of Optics in the study of Physics.
Physics,Optics,3,What are the fundamental principles of Optics in Physics?
Physics,Optics,3,Explain Optics with a real-life example.
Physics,Optics,3,Discuss the significance of Optics in Physics.
Physics,Optics,3,How is Optics applied in practical scenarios?
Physics,Optics,3,Compare and contrast Optics with related concepts in Physics.
Physics,Optics,3,Describe a case study related to Optics in Physics.
Physics,Optics,3,Explain the historical development of Optics in Physics.
Physics,Optics,3,"What challenges arise in the study of Optics, and how can they be addressed?"
Physics,Optics,3,Illustrate Optics with an example and explain its key features.
Physics,Optics,3,Analyze the impact of Optics in modern Physics studies.
Physics,Optics,3,Explain how Optics affects other concepts within Physics.
Physics,Optics,3,Discuss any recent advancements related to Optics.
Physics,Optics,3,Provide an in-depth explanation of Optics and its role in Physics.
Physics,Optics,3,What are the ethical considerations related to Optics?
Physics,Optics,3,Critically evaluate the importance of Optics in the study of Physics.
Physics,Optics,4,What are the fundamental principles of Optics in Physics?
Physics,Optics,4,Explain Optics with a real-life example.
Physics,Optics,4,Discuss the significance of Optics in Physics.
Physics,Optics,4,How is Optics applied in practical scenarios?
Physics,Optics,4,Compare and contrast Optics with related concepts in Physics.
Physics,Optics,4,Describe a case study related to Optics in Physics.
Physics,Optics,4,Explain the historical development of Optics in Physics.
Physics,Optics,4,"What challenges arise in the study of Optics, and how can they be addressed?"
Physics,Optics,4,Illustrate Optics with an example and explain its key features.
Physics,Optics,4,Analyze the impact of Optics in modern Physics studies.
Physics,Optics,4,Explain how Optics affects other concepts within Physics.
Physics,Optics,4,Discuss any recent advancements related to Optics.
Physics,Optics,4,Provide an in-depth explanation of Optics and its role in Physics.
Physics,Optics,4,What are the ethical considerations related to Optics?
Physics,Optics,4,Critically evaluate the importance of Optics in the study of Physics.
Physics,Thermodynamics,1,What are the fundamental principles of Thermodynamics in Physics?
Physics,Thermodynamics,1,Explain Thermodynamics with a real-life example.
Physics,Thermodynamics,1,Discuss the significance of Thermodynamics in Physics.
Physics,Thermodynamics,1,How is Thermodynamics applied in practical scenarios?
Physics,Thermodynamics,1,Compare and contrast Thermodynamics with related concepts in Physics.
Physics,Thermodynamics,1,Describe a case study related to Thermodynamics in Physics.
Physics,Thermodynamics,1,Explain the historical development of Thermodynamics in Physics.
Physics,Thermodynamics,1,"What challenges arise in the study of Thermodynamics, and how can they be addressed?"
Physics,Thermodynamics,1,Illustrate Thermodynamics with an example and explain its key features.
Physics,Thermodynamics,1,Analyze the impact of Thermodynamics in modern Physics studies.
Physics,Thermodynamics,1,Explain how Thermodynamics affects other concepts within Physics.
Physics,Thermodynamics,1,Discuss any recent advancements related to Thermodynamics.
Physics,Thermodynamics,1,Provide an in-depth explanation of Thermodynamics and its role in Physics.
Physics,Thermodynamics,1,What are the ethical considerations related to Thermodynamics?
Physics,Thermodynamics,1,Critically evaluate the importance of Thermodynamics in the study of Physics.
Physics,Thermodynamics,2,What are the fundamental principles of Thermodynamics in Physics?
Physics,Thermodynamics,2,Explain Thermodynamics with a real-life example.
Physics,Thermodynamics,2,Discuss the significance of Thermodynamics in Physics.
Physics,Thermodynamics,2,How is Thermodynamics applied in practical scenarios?
Physics,Thermodynamics,2,Compare and contrast Thermodynamics with related concepts in Physics.
Physics,Thermodynamics,2,Describe a case study related to Thermodynamics in Physics.
Physics,Thermodynamics,2,Explain the historical development of Thermodynamics in Physics.
Physics,Thermodynamics,2,"What challenges arise in the study of Thermodynamics, and how can they be addressed?"
Physics,Thermodynamics,2,Illustrate Thermodynamics with an example and explain its key features.
Physics,Thermodynamics,2,Analyze the impact of Thermodynamics in modern Physics studies.
Physics,Thermodynamics,2,Explain how Thermodynamics affects other concepts within Physics.
Physics,Thermodynamics,2,Discuss any recent advancements related to Thermodynamics.
Physics,Thermodynamics,2,Provide an in-depth explanation of Thermodynamics and its role in Physics.
Physics,Thermodynamics,2,What are the ethical considerations related to Thermodynamics?
Physics,Thermodynamics,2,Critically evaluate the importance of Thermodynamics in the study of Physics.
Physics,Thermodynamics,3,What are the fundamental principles of Thermodynamics in Physics?
Physics,Thermodynamics,3,Explain Thermodynamics with a real-life example.
Physics,Thermodynamics,3,Discuss the significance of Thermodynamics in Physics.
Physics,Thermodynamics,3,How is Thermodynamics applied in practical scenarios?
Physics,Thermodynamics,3,Compare and contrast Thermodynamics with related concepts in Physics.
Physics,Thermodynamics,3,Describe a case study related to Thermodynamics in Physics.
Physics,Thermodynamics,3,Explain the historical development of Thermodynamics in Physics.
Physics,Thermodynamics,3,"What challenges arise in the study of Thermodynamics, and how can they be addressed?"
Physics,Thermodynamics,3,Illustrate Thermodynamics with an example and explain its key features.
Physics,Thermodynamics,3,Analyze the impact of Thermodynamics in modern Physics studies.
Physics,Thermodynamics,3,Explain how Thermodynamics affects other concepts within Physics.
Physics,Thermodynamics,3,Discuss any recent advancements related to Thermodynamics.
Physics,Thermodynamics,3,Provide an in-depth explanation of Thermodynamics and its role in Physics.
Physics,Thermodynamics,3,What are the ethical considerations related to Thermodynamics?
Physics,Thermodynamics,3,Critically evaluate the importance of Thermodynamics in the study of Physics.
Physics,Thermodynamics,4,What are the fundamental principles of Thermodynamics in Physics?
Physics,Thermodynamics,4,Explain Thermodynamics with a real-life example.
Physics,Thermodynamics,4,Discuss the significance of Thermodynamics in Physics.
Physics,Thermodynamics,4,How is Thermodynamics applied in practical scenarios?
Physics,Thermodynamics,4,Compare and contrast Thermodynamics with related concepts in Physics.
Physics,Thermodynamics,4,Describe a case study related to Thermodynamics in Physics.
Physics,Thermodynamics,4,Explain the historical development of Thermodynamics in Physics.
Physics,Thermodynamics,4,"What challenges arise in the study of Thermodynamics, and how can they be addressed?"
Physics,Thermodynamics,4,Illustrate Thermodynamics with an example and explain its key features.
Physics,Thermodynamics,4,Analyze the impact of Thermodynamics in modern Physics studies.
Physics,Thermodynamics,4,Explain how Thermodynamics affects other concepts within Physics.
Physics,Thermodynamics,4,Discuss any recent advancements related to Thermodynamics.
Physics,Thermodynamics,4,Provide an in-depth explanation of Thermodynamics and its role in Physics.
Physics,Thermodynamics,4,What are the ethical considerations related to Thermodynamics?
Physics,Thermodynamics,4,Critically evaluate the importance of Thermodynamics in the study of Physics.
Physics,Quantum Mechanics,1,What are the fundamental principles of Quantum Mechanics in Physics?
Physics,Quantum Mechanics,1,Explain Quantum Mechanics with a real-life example.
Physics,Quantum Mechanics,1,Discuss the significance of Quantum Mechanics in Physics.
Physics,Quantum Mechanics,1,How is Quantum Mechanics applied in practical scenarios?
Physics,Quantum Mechanics,1,Compare and contrast Quantum Mechanics with related concepts in Physics.
Physics,Quantum Mechanics,1,Describe a case study related to Quantum Mechanics in Physics.
Physics,Quantum Mechanics,1,Explain the historical development of Quantum Mechanics in Physics.
Physics,Quantum Mechanics,1,"What challenges arise in the study of Quantum Mechanics, and how can they be addressed?"
Physics,Quantum Mechanics,1,Illustrate Quantum Mechanics with an example and explain its key features.
Physics,Quantum Mechanics,1,Analyze the impact of Quantum Mechanics in modern Physics studies.
Physics,Quantum Mechanics,1,Explain how Quantum Mechanics affects other concepts within Physics.
Physics,Quantum Mechanics,1,Discuss any recent advancements related to Quantum Mechanics.
Physics,Quantum Mechanics,1,Provide an in-depth explanation of Quantum Mechanics and its role in Physics.
Physics,Quantum Mechanics,1,What are the ethical considerations related to Quantum Mechanics?
Physics,Quantum Mechanics,1,Critically evaluate the importance of Quantum Mechanics in the study of Physics.
Physics,Quantum Mechanics,2,What are the fundamental principles of Quantum Mechanics in Physics?
Physics,Quantum Mechanics,2,Explain Quantum Mechanics with a real-life example.
Physics,Quantum Mechanics,2,Discuss the significance of Quantum Mechanics in Physics.
Physics,Quantum Mechanics,2,How is Quantum Mechanics applied in practical scenarios?
Physics,Quantum Mechanics,2,Compare and contrast Quantum Mechanics with related concepts in Physics.
Physics,Quantum Mechanics,2,Describe a case study related to Quantum Mechanics in Physics.
Physics,Quantum Mechanics,2,Explain the historical development of Quantum Mechanics in Physics.
Physics,Quantum Mechanics,2,"What challenges arise in the study of Quantum Mechanics, and how can they be addressed?"
Physics,Quantum Mechanics,2,Illustrate Quantum Mechanics with an example and explain its key features.
Physics,Quantum Mechanics,2,Analyze the impact of Quantum Mechanics in modern Physics studies.
Physics,Quantum Mechanics,2,Explain how Quantum Mechanics affects other concepts within Physics.
Physics,Quantum Mechanics,2,Discuss any recent advancements related to Quantum Mechanics.
Physics,Quantum Mechanics,2,Provide an in-depth explanation of Quantum Mechanics and its role in Physics.
Physics,Quantum Mechanics,2,What are the ethical considerations related to Quantum Mechanics?
Physics,Quantum Mechanics,2,Critically evaluate the importance of Quantum Mechanics in the study of Physics.
Physics,Quantum Mechanics,3,What are the fundamental principles of Quantum Mechanics in Physics?
Physics,Quantum Mechanics,3,Explain Quantum Mechanics with a real-life example.
Physics,Quantum Mechanics,3,Discuss the significance of Quantum Mechanics in Physics.
Physics,Quantum Mechanics,3,How is Quantum Mechanics applied in practical scenarios?
Physics,Quantum Mechanics,3,Compare and contrast Quantum Mechanics with related concepts in Physics.
Physics,Quantum Mechanics,3,Describe a case study related to Quantum Mechanics in Physics.
Physics,Quantum Mechanics,3,Explain the historical development of Quantum Mechanics in Physics.
Physics,Quantum Mechanics,3,"What challenges arise in the study of Quantum Mechanics, and how can they be addressed?"
Physics,Quantum Mechanics,3,Illustrate Quantum Mechanics with an example and explain its key features.
Physics,Quantum Mechanics,3,Analyze the impact of Quantum Mechanics in modern Physics studies.
Physics,Quantum Mechanics,3,Explain how Quantum Mechanics affects other concepts within Physics.
Physics,Quantum Mechanics,3,Discuss any recent advancements related to Quantum Mechanics.
Physics,Quantum Mechanics,3,Provide an in-depth explanation of Quantum Mechanics and its role in Physics.
Physics,Quantum Mechanics,3,What are the ethical considerations related to Quantum Mechanics?
Physics,Quantum Mechanics,3,Critically evaluate the importance of Quantum Mechanics in the study of Physics.
Physics,Quantum Mechanics,4,What are the fundamental principles of Quantum Mechanics in Physics?
Physics,Quantum Mechanics,4,Explain Quantum Mechanics with a real-life example.
Physics,Quantum Mechanics,4,Discuss the significance of Quantum Mechanics in Physics.
Physics,Quantum Mechanics,4,How is Quantum Mechanics applied in practical scenarios?
Physics,Quantum Mechanics,4,Compare and contrast Quantum Mechanics with related concepts in Physics.
Physics,Quantum Mechanics,4,Describe a case study related to Quantum Mechanics in Physics.
Physics,Quantum Mechanics,4,Explain the historical development of Quantum Mechanics in Physics.
Physics,Quantum Mechanics,4,"What challenges arise in the study of Quantum Mechanics, and how can they be addressed?"
Physics,Quantum Mechanics,4,Illustrate Quantum Mechanics with an example and explain its key features.
Physics,Quantum Mechanics,4,Analyze the impact of Quantum Mechanics in modern Physics studies.
Physics,Quantum Mechanics,4,Explain how Quantum Mechanics affects other concepts within Physics.
Physics,Quantum Mechanics,4,Discuss any recent advancements related to Quantum Mechanics.
Physics,Quantum Mechanics,4,Provide an in-depth explanation of Quantum Mechanics and its role in Physics.
Physics,Quantum Mechanics,4,What are the ethical considerations related to Quantum Mechanics?
Physics,Quantum Mechanics,4,Critically evaluate the importance of Quantum Mechanics in the study of Physics.
Physics,Kinematics,1,What are the fundamental principles of Kinematics in Physics?
Physics,Kinematics,1,Explain Kinematics with a real-life example.
Physics,Kinematics,1,Discuss the significance of Kinematics in Physics.
Physics,Kinematics,1,How is Kinematics applied in practical scenarios?
Physics,Kinematics,1,Compare and contrast Kinematics with related concepts in Physics.
Physics,Kinematics,1,Describe a case study related to Kinematics in Physics.
Physics,Kinematics,1,Explain the historical development of Kinematics in Physics.
Physics,Kinematics,1,"What challenges arise in the study of Kinematics, and how can they be addressed?"
Physics,Kinematics,1,Illustrate Kinematics with an example and explain its key features.
Physics,Kinematics,1,Analyze the impact of Kinematics in modern Physics studies.
Physics,Kinematics,1,Explain how Kinematics affects other concepts within Physics.
Physics,Kinematics,1,Discuss any recent advancements related to Kinematics.
Physics,Kinematics,1,Provide an in-depth explanation of Kinematics and its role in Physics.
Physics,Kinematics,1,What are the ethical considerations related to Kinematics?
Physics,Kinematics,1,Critically evaluate the importance of Kinematics in the study of Physics.
Physics,Kinematics,2,What are the fundamental principles of Kinematics in Physics?
Physics,Kinematics,2,Explain Kinematics with a real-life example.
Physics,Kinematics,2,Discuss the significance of Kinematics in Physics.
Physics,Kinematics,2,How is Kinematics applied in practical scenarios?
Physics,Kinematics,2,Compare and contrast Kinematics with related concepts in Physics.
Physics,Kinematics,2,Describe a case study related to Kinematics in Physics.
Physics,Kinematics,2,Explain the historical development of Kinematics in Physics.
Physics,Kinematics,2,"What challenges arise in the study of Kinematics, and how can they be addressed?"
Physics,Kinematics,2,Illustrate Kinematics with an example and explain its key features.
Physics,Kinematics,2,Analyze the impact of Kinematics in modern Physics studies.
Physics,Kinematics,2,Explain how Kinematics affects other concepts within Physics.
Physics,Kinematics,2,Discuss any recent advancements related to Kinematics.
Physics,Kinematics,2,Provide an in-depth explanation of Kinematics and its role in Physics.
Physics,Kinematics,2,What are the ethical considerations related to Kinematics?
Physics,Kinematics,2,Critically evaluate the importance of Kinematics in the study of Physics.
Physics,Kinematics,3,What are the fundamental principles of Kinematics in Physics?
Physics,Kinematics,3,Explain Kinematics with a real-life example.
Physics,Kinematics,3,Discuss the significance of Kinematics in Physics.
Physics,Kinematics,3,How is Kinematics applied in practical scenarios?
Physics,Kinematics,3,Compare and contrast Kinematics with related concepts in Physics.
Physics,Kinematics,3,Describe a case study related to Kinematics in Physics.
Physics,Kinematics,3,Explain the historical development of Kinematics in Physics.
Physics,Kinematics,3,"What challenges arise in the study of Kinematics, and how can they be addressed?"
Physics,Kinematics,3,Illustrate Kinematics with an example and explain its key features.
Physics,Kinematics,3,Analyze the impact of Kinematics in modern Physics studies.
Physics,Kinematics,3,Explain how Kinematics affects other concepts within Physics.
Physics,Kinematics,3,Discuss any recent advancements related to Kinematics.
Physics,Kinematics,3,Provide an in-depth explanation of Kinematics and its role in Physics.
Physics,Kinematics,3,What are the ethical considerations related to Kinematics?
Physics,Kinematics,3,Critically evaluate the importance of Kinematics in the study of Physics.
Physics,Kinematics,4,What are the fundamental principles of Kinematics in Physics?
Physics,Kinematics,4,Explain Kinematics with a real-life example.
Physics,Kinematics,4,Discuss the significance of Kinematics in Physics.
Physics,Kinematics,4,How is Kinematics applied in practical scenarios?
Physics,Kinematics,4,Compare and contrast Kinematics with related concepts in Physics.
Physics,Kinematics,4,Describe a case study related to Kinematics in Physics.
Physics,Kinematics,4,Explain the historical development of Kinematics in Physics.
Physics,Kinematics,4,"What challenges arise in the study of Kinematics, and how can they be addressed?"
Physics,Kinematics,4,Illustrate Kinematics with an example and explain its key features.
Physics,Kinematics,4,Analyze the impact of Kinematics in modern Physics studies.
Physics,Kinematics,4,Explain how Kinematics affects other concepts within Physics.
Physics,Kinematics,4,Discuss any recent advancements related to Kinematics.
Physics,Kinematics,4,Provide an in-depth explanation of Kinematics and its role in Physics.
Physics,Kinematics,4,What are the ethical considerations related to Kinematics?
Physics,Kinematics,4,Critically evaluate the importance of Kinematics in the study of Physics.
Physics,Waves,1,What are the fundamental principles of Waves in Physics?
Physics,Waves,1,Explain Waves with a real-life example.
Physics,Waves,1,Discuss the significance of Waves in Physics.
Physics,Waves,1,How is Waves applied in practical scenarios?
Physics,Waves,1,Compare and contrast Waves with related concepts in Physics.
Physics,Waves,1,Describe a case study related to Waves in Physics.
Physics,Waves,1,Explain the historical development of Waves in Physics.
Physics,Waves,1,"What challenges arise in the study of Waves, and how can they be addressed?"
Physics,Waves,1,Illustrate Waves with an example and explain its key features.
Physics,Waves,1,Analyze the impact of Waves in modern Physics studies.
Physics,Waves,1,Explain how Waves affects other concepts within Physics.
Physics,Waves,1,Discuss any recent advancements related to Waves.
Physics,Waves,1,Provide an in-depth explanation of Waves and its role in Physics.
Physics,Waves,1,What are the ethical considerations related to Waves?
Physics,Waves,1,Critically evaluate the importance of Waves in the study of Physics.
Physics,Waves,2,What are the fundamental principles of Waves in Physics?
Physics,Waves,2,Explain Waves with a real-life example.
Physics,Waves,2,Discuss the significance of Waves in Physics.
Physics,Waves,2,How is Waves applied in practical scenarios?
Physics,Waves,2,Compare and contrast Waves with related concepts in Physics.
Physics,Waves,2,Describe a case study related to Waves in Physics.
Physics,Waves,2,Explain the historical development of Waves in Physics.
Physics,Waves,2,"What challenges arise in the study of Waves, and how can they be addressed?"
Physics,Waves,2,Illustrate Waves with an example and explain its key features.
Physics,Waves,2,Analyze the impact of Waves in modern Physics studies.
Physics,Waves,2,Explain how Waves affects other concepts within Physics.
Physics,Waves,2,Discuss any recent advancements related to Waves.
Physics,Waves,2,Provide an in-depth explanation of Waves and its role in Physics.
Physics,Waves,2,What are the ethical considerations related to Waves?
Physics,Waves,2,Critically evaluate the importance of Waves in the study of Physics.
Physics,Waves,3,What are the fundamental principles of Waves in Physics?
Physics,Waves,3,Explain Waves with a real-life example.
Physics,Waves,3,Discuss the significance of Waves in Physics.
Physics,Waves,3,How is Waves applied in practical scenarios?
Physics,Waves,3,Compare and contrast Waves with related concepts in Physics.
Physics,Waves,3,Describe a case study related to Waves in Physics.
Physics,Waves,3,Explain the historical development of Waves in Physics.
Physics,Waves,3,"What challenges arise in the study of Waves, and how can they be addressed?"
Physics,Waves,3,Illustrate Waves with an example and explain its key features.
Physics,Waves,3,Analyze the impact of Waves in modern Physics studies.
Physics,Waves,3,Explain how Waves affects other concepts within Physics.
Physics,Waves,3,Discuss any recent advancements related to Waves.
Physics,Waves,3,Provide an in-depth explanation of Waves and its role in Physics.
Physics,Waves,3,What are the ethical considerations related to Waves?
Physics,Waves,3,Critically evaluate the importance of Waves in the study of Physics.
Physics,Waves,4,What are the fundamental principles of Waves in Physics?
Physics,Waves,4,Explain Waves with a real-life example.
Physics,Waves,4,Discuss the significance of Waves in Physics.
Physics,Waves,4,How is Waves applied in practical scenarios?
Physics,Waves,4,Compare and contrast Waves with related concepts in Physics.
Physics,Waves,4,Describe a case study related to Waves in Physics.
Physics,Waves,4,Explain the historical development of Waves in Physics.
Physics,Waves,4,"What challenges arise in the study of Waves, and how can they be addressed?"
Physics,Waves,4,Illustrate Waves with an example and explain its key features.
Physics,Waves,4,Analyze the impact of Waves in modern Physics studies.
Physics,Waves,4,Explain how Waves affects other concepts within Physics.
Physics,Waves,4,Discuss any recent advancements related to Waves.
Physics,Waves,4,Provide an in-depth explanation of Waves and its role in Physics.
Physics,Waves,4,What are the ethical considerations related to Waves?
Physics,Waves,4,Critically evaluate the importance of Waves in the study of Physics.
Physics,Modern Physics,1,What are the fundamental principles of Modern Physics in Physics?
Physics,Modern Physics,1,Explain Modern Physics with a real-life example.
Physics,Modern Physics,1,Discuss the significance of Modern Physics in Physics.
Physics,Modern Physics,1,How is Modern Physics applied in practical scenarios?
Physics,Modern Physics,1,Compare and contrast Modern Physics with related concepts in Physics.
Physics,Modern Physics,1,Describe a case study related to Modern Physics in Physics.
Physics,Modern Physics,1,Explain the historical development of Modern Physics in Physics.
Physics,Modern Physics,1,"What challenges arise in the study of Modern Physics, and how can they be addressed?"
Physics,Modern Physics,1,Illustrate Modern Physics with an example and explain its key features.
Physics,Modern Physics,1,Analyze the impact of Modern Physics in modern Physics studies.
Physics,Modern Physics,1,Explain how Modern Physics affects other concepts within Physics.
Physics,Modern Physics,1,Discuss any recent advancements related to Modern Physics.
Physics,Modern Physics,1,Provide an in-depth explanation of Modern Physics and its role in Physics.
Physics,Modern Physics,1,What are the ethical considerations related to Modern Physics?
Physics,Modern Physics,1,Critically evaluate the importance of Modern Physics in the study of Physics.
Physics,Modern Physics,2,What are the fundamental principles of Modern Physics in Physics?
Physics,Modern Physics,2,Explain Modern Physics with a real-life example.
Physics,Modern Physics,2,Discuss the significance of Modern Physics in Physics.
Physics,Modern Physics,2,How is Modern Physics applied in practical scenarios?
Physics,Modern Physics,2,Compare and contrast Modern Physics with related concepts in Physics.
Physics,Modern Physics,2,Describe a case study related to Modern Physics in Physics.
Physics,Modern Physics,2,Explain the historical development of Modern Physics in Physics.
Physics,Modern Physics,2,"What challenges arise in the study of Modern Physics, and how can they be addressed?"
Physics,Modern Physics,2,Illustrate Modern Physics with an example and explain its key features.
Physics,Modern Physics,2,Analyze the impact of Modern Physics in modern Physics studies.
Physics,Modern Physics,2,Explain how Modern Physics affects other concepts within Physics.
Physics,Modern Physics,2,Discuss any recent advancements related to Modern Physics.
Physics,Modern Physics,2,Provide an in-depth explanation of Modern Physics and its role in Physics.
Physics,Modern Physics,2,What are the ethical considerations related to Modern Physics?
Physics,Modern Physics,2,Critically evaluate the importance of Modern Physics in the study of Physics.
Physics,Modern Physics,3,What are the fundamental principles of Modern Physics in Physics?
Physics,Modern Physics,3,Explain Modern Physics with a real-life example.
Physics,Modern Physics,3,Discuss the significance of Modern Physics in Physics.
Physics,Modern Physics,3,How is Modern Physics applied in practical scenarios?
Physics,Modern Physics,3,Compare and contrast Modern Physics with related concepts in Physics.
Physics,Modern Physics,3,Describe a case study related to Modern Physics in Physics.
Physics,Modern Physics,3,Explain the historical development of Modern Physics in Physics.
Physics,Modern Physics,3,"What challenges arise in the study of Modern Physics, and how can they be addressed?"
Physics,Modern Physics,3,Illustrate Modern Physics with an example and explain its key features.
Physics,Modern Physics,3,Analyze the impact of Modern Physics in modern Physics studies.
Physics,Modern Physics,3,Explain how Modern Physics affects other concepts within Physics.
Physics,Modern Physics,3,Discuss any recent advancements related to Modern Physics.
Physics,Modern Physics,3,Provide an in-depth explanation of Modern Physics and its role in Physics.
Physics,Modern Physics,3,What are the ethical considerations related to Modern Physics?
Physics,Modern Physics,3,Critically evaluate the importance of Modern Physics in the study of Physics.
Physics,Modern Physics,4,What are the fundamental principles of Modern Physics in Physics?
Physics,Modern Physics,4,Explain Modern Physics with a real-life example.
Physics,Modern Physics,4,Discuss the significance of Modern Physics in Physics.
Physics,Modern Physics,4,How is Modern Physics applied in practical scenarios?
Physics,Modern Physics,4,Compare and contrast Modern Physics with related concepts in Physics.
Physics,Modern Physics,4,Describe a case study related to Modern Physics in Physics.
Physics,Modern Physics,4,Explain the historical development of Modern Physics in Physics.
Physics,Modern Physics,4,"What challenges arise in the study of Modern Physics, and how can they be addressed?"
Physics,Modern Physics,4,Illustrate Modern Physics with an example and explain its key features.
Physics,Modern Physics,4,Analyze the impact of Modern Physics in modern Physics studies.
Physics,Modern Physics,4,Explain how Modern Physics affects other concepts within Physics.
Physics,Modern Physics,4,Discuss any recent advancements related to Modern Physics.
Physics,Modern Physics,4,Provide an in-depth explanation of Modern Physics and its role in Physics.
Physics,Modern Physics,4,What are the ethical considerations related to Modern Physics?
Physics,Modern Physics,4,Critically evaluate the importance of Modern Physics in the study of Physics.
Chemistry,Periodic Table,1,What are the fundamental principles of Periodic Table in Chemistry?
Chemistry,Periodic Table,1,Explain Periodic Table with a real-life example.
Chemistry,Periodic Table,1,Discuss the significance of Periodic Table in Chemistry.
Chemistry,Periodic Table,1,How is Periodic Table applied in practical scenarios?
Chemistry,Periodic Table,1,Compare and contrast Periodic Table with related concepts in Chemistry.
Chemistry,Periodic Table,1,Describe a case study related to Periodic Table in Chemistry.
Chemistry,Periodic Table,1,Explain the historical development of Periodic Table in Chemistry.
Chemistry,Periodic Table,1,"What challenges arise in the study of Periodic Table, and how can they be addressed?"
Chemistry,Periodic Table,1,Illustrate Periodic Table with an example and explain its key features.
Chemistry,Periodic Table,1,Analyze the impact of Periodic Table in modern Chemistry studies.
Chemistry,Periodic Table,1,Explain how Periodic Table affects other concepts within Chemistry.
Chemistry,Periodic Table,1,Discuss any recent advancements related to Periodic Table.
Chemistry,Periodic Table,1,Provide an in-depth explanation of Periodic Table and its role in Chemistry.
Chemistry,Periodic Table,1,What are the ethical considerations related to Periodic Table?
Chemistry,Periodic Table,1,Critically evaluate the importance of Periodic Table in the study of Chemistry.
Chemistry,Periodic Table,2,What are the fundamental principles of Periodic Table in Chemistry?
Chemistry,Periodic Table,2,Explain Periodic Table with a real-life example.
Chemistry,Periodic Table,2,Discuss the significance of Periodic Table in Chemistry.
Chemistry,Periodic Table,2,How is Periodic Table applied in practical scenarios?
Chemistry,Periodic Table,2,Compare and contrast Periodic Table with related concepts in Chemistry.
Chemistry,Periodic Table,2,Describe a case study related to Periodic Table in Chemistry.
Chemistry,Periodic Table,2,Explain the historical development of Periodic Table in Chemistry.
Chemistry,Periodic Table,2,"What challenges arise in the study of Periodic Table, and how can they be addressed?"
Chemistry,Periodic Table,2,Illustrate Periodic Table with an example and explain its key features.
Chemistry,Periodic Table,2,Analyze the impact of Periodic Table in modern Chemistry studies.
Chemistry,Periodic Table,2,Explain how Periodic Table affects other concepts within Chemistry.
Chemistry,Periodic Table,2,Discuss any recent advancements related to Periodic Table.
Chemistry,Periodic Table,2,Provide an in-depth explanation of Periodic Table and its role in Chemistry.
Chemistry,Periodic Table,2,What are the ethical considerations related to Periodic Table?
Chemistry,Periodic Table,2,Critically evaluate the importance of Periodic Table in the study of Chemistry.
Chemistry,Periodic Table,3,What are the fundamental principles of Periodic Table in Chemistry?
Chemistry,Periodic Table,3,Explain Periodic Table with a real-life example.
Chemistry,Periodic Table,3,Discuss the significance of Periodic Table in Chemistry.
Chemistry,Periodic Table,3,How is Periodic Table applied in practical scenarios?
Chemistry,Periodic Table,3,Compare and contrast Periodic Table with related concepts in Chemistry.
Chemistry,Periodic Table,3,Describe a case study related to Periodic Table in Chemistry.
Chemistry,Periodic Table,3,Explain the historical development of Periodic Table in Chemistry.
Chemistry,Periodic Table,3,"What challenges arise in the study of Periodic Table, and how can they be addressed?"
Chemistry,Periodic Table,3,Illustrate Periodic Table with an example and explain its key features.
Chemistry,Periodic Table,3,Analyze the impact of Periodic Table in modern Chemistry studies.
Chemistry,Periodic Table,3,Explain how Periodic Table affects other concepts within Chemistry.
Chemistry,Periodic Table,3,Discuss any recent advancements related to Periodic Table.
Chemistry,Periodic Table,3,Provide an in-depth explanation of Periodic Table and its role in Chemistry.
Chemistry,Periodic Table,3,What are the ethical considerations related to Periodic Table?
Chemistry,Periodic Table,3,Critically evaluate the importance of Periodic Table in the study of Chemistry.
Chemistry,Periodic Table,4,What are the fundamental principles of Periodic Table in Chemistry?
Chemistry,Periodic Table,4,Explain Periodic Table with a real-life example.
Chemistry,Periodic Table,4,Discuss the significance of Periodic Table in Chemistry.
Chemistry,Periodic Table,4,How is Periodic Table applied in practical scenarios?
Chemistry,Periodic Table,4,Compare and contrast Periodic Table with related concepts in Chemistry.
Chemistry,Periodic Table,4,Describe a case study related to Periodic Table in Chemistry.
Chemistry,Periodic Table,4,Explain the historical development of Periodic Table in Chemistry.
Chemistry,Periodic Table,4,"What challenges arise in the study of Periodic Table, and how can they be addressed?"
Chemistry,Periodic Table,4,Illustrate Periodic Table with an example and explain its key features.
Chemistry,Periodic Table,4,Analyze the impact of Periodic Table in modern Chemistry studies.
Chemistry,Periodic Table,4,Explain how Periodic Table affects other concepts within Chemistry.
Chemistry,Periodic Table,4,Discuss any recent advancements related to Periodic Table.
Chemistry,Periodic Table,4,Provide an in-depth explanation of Periodic Table and its role in Chemistry.
Chemistry,Periodic Table,4,What are the ethical considerations related to Periodic Table?
Chemistry,Periodic Table,4,Critically evaluate the importance of Periodic Table in the study of Chemistry.
Chemistry,Chemical Bonding,1,What are the fundamental principles of Chemical Bonding in Chemistry?
Chemistry,Chemical Bonding,1,Explain Chemical Bonding with a real-life example.
Chemistry,Chemical Bonding,1,Discuss the significance of Chemical Bonding in Chemistry.
Chemistry,Chemical Bonding,1,How is Chemical Bonding applied in practical scenarios?
Chemistry,Chemical Bonding,1,Compare and contrast Chemical Bonding with related concepts in Chemistry.
Chemistry,Chemical Bonding,1,Describe a case study related to Chemical Bonding in Chemistry.
Chemistry,Chemical Bonding,1,Explain the historical development of Chemical Bonding in Chemistry.
Chemistry,Chemical Bonding,1,"What challenges arise in the study of Chemical Bonding, and how can they be addressed?"
Chemistry,Chemical Bonding,1,Illustrate Chemical Bonding with an example and explain its key features.
Chemistry,Chemical Bonding,1,Analyze the impact of Chemical Bonding in modern Chemistry studies.
Chemistry,Chemical Bonding,1,Explain how Chemical Bonding affects other concepts within Chemistry.
Chemistry,Chemical Bonding,1,Discuss any recent advancements related to Chemical Bonding.
Chemistry,Chemical Bonding,1,Provide an in-depth explanation of Chemical Bonding and its role in Chemistry.
Chemistry,Chemical Bonding,1,What are the ethical considerations related to Chemical Bonding?
Chemistry,Chemical Bonding,1,Critically evaluate the importance of Chemical Bonding in the study of Chemistry.
Chemistry,Chemical Bonding,2,What are the fundamental principles of Chemical Bonding in Chemistry?
Chemistry,Chemical Bonding,2,Explain Chemical Bonding with a real-life example.
Chemistry,Chemical Bonding,2,Discuss the significance of Chemical Bonding in Chemistry.
Chemistry,Chemical Bonding,2,How is Chemical Bonding applied in practical scenarios?
Chemistry,Chemical Bonding,2,Compare and contrast Chemical Bonding with related concepts in Chemistry.
Chemistry,Chemical Bonding,2,Describe a case study related to Chemical Bonding in Chemistry.
Chemistry,Chemical Bonding,2,Explain the historical development of Chemical Bonding in Chemistry.
Chemistry,Chemical Bonding,2,"What challenges arise in the study of Chemical Bonding, and how can they be addressed?"
Chemistry,Chemical Bonding,2,Illustrate Chemical Bonding with an example and explain its key features.
Chemistry,Chemical Bonding,2,Analyze the impact of Chemical Bonding in modern Chemistry studies.
Chemistry,Chemical Bonding,2,Explain how Chemical Bonding affects other concepts within Chemistry.
Chemistry,Chemical Bonding,2,Discuss any recent advancements related to Chemical Bonding.
Chemistry,Chemical Bonding,2,Provide an in-depth explanation of Chemical Bonding and its role in Chemistry.
Chemistry,Chemical Bonding,2,What are the ethical considerations related to Chemical Bonding?
Chemistry,Chemical Bonding,2,Critically evaluate the importance of Chemical Bonding in the study of Chemistry.
Chemistry,Chemical Bonding,3,What are the fundamental principles of Chemical Bonding in Chemistry?
Chemistry,Chemical Bonding,3,Explain Chemical Bonding with a real-life example.
Chemistry,Chemical Bonding,3,Discuss the significance of Chemical Bonding in Chemistry.
Chemistry,Chemical Bonding,3,How is Chemical Bonding applied in practical scenarios?
Chemistry,Chemical Bonding,3,Compare and contrast Chemical Bonding with related concepts in Chemistry.
Chemistry,Chemical Bonding,3,Describe a case study related to Chemical Bonding in Chemistry.
Chemistry,Chemical Bonding,3,Explain the historical development of Chemical Bonding in Chemistry.
Chemistry,Chemical Bonding,3,"What challenges arise in the study of Chemical Bonding, and how can they be addressed?"
Chemistry,Chemical Bonding,3,Illustrate Chemical Bonding with an example and explain its key features.
Chemistry,Chemical Bonding,3,Analyze the impact of Chemical Bonding in modern Chemistry studies.
Chemistry,Chemical Bonding,3,Explain how Chemical Bonding affects other concepts within Chemistry.
Chemistry,Chemical Bonding,3,Discuss any recent advancements related to Chemical Bonding.
Chemistry,Chemical Bonding,3,Provide an in-depth explanation of Chemical Bonding and its role in Chemistry.
Chemistry,Chemical Bonding,3,What are the ethical considerations related to Chemical Bonding?
Chemistry,Chemical Bonding,3,Critically evaluate the importance of Chemical Bonding in the study of Chemistry.
Chemistry,Chemical Bonding,4,What are the fundamental principles of Chemical Bonding in Chemistry?
Chemistry,Chemical Bonding,4,Explain Chemical Bonding with a real-life example.
Chemistry,Chemical Bonding,4,Discuss the significance of Chemical Bonding in Chemistry.
Chemistry,Chemical Bonding,4,How is Chemical Bonding applied in practical scenarios?
Chemistry,Chemical Bonding,4,Compare and contrast Chemical Bonding with related concepts in Chemistry.
Chemistry,Chemical Bonding,4,Describe a case study related to Chemical Bonding in Chemistry.
Chemistry,Chemical Bonding,4,Explain the historical development of Chemical Bonding in Chemistry.
Chemistry,Chemical Bonding,4,"What challenges arise in the study of Chemical Bonding, and how can they be addressed?"
Chemistry,Chemical Bonding,4,Illustrate Chemical Bonding with an example and explain its key features.
Chemistry,Chemical Bonding,4,Analyze the impact of Chemical Bonding in modern Chemistry studies.
Chemistry,Chemical Bonding,4,Explain how Chemical Bonding affects other concepts within Chemistry.
Chemistry,Chemical Bonding,4,Discuss any recent advancements related to Chemical Bonding.
Chemistry,Chemical Bonding,4,Provide an in-depth explanation of Chemical Bonding and its role in Chemistry.
Chemistry,Chemical Bonding,4,What are the ethical considerations related to Chemical Bonding?
Chemistry,Chemical Bonding,4,Critically evaluate the importance of Chemical Bonding in the study of Chemistry.
Chemistry,Organic Chemistry,1,What are the fundamental principles of Organic Chemistry in Chemistry?
Chemistry,Organic Chemistry,1,Explain Organic Chemistry with a real-life example.
Chemistry,Organic Chemistry,1,Discuss the significance of Organic Chemistry in Chemistry.
Chemistry,Organic Chemistry,1,How is Organic Chemistry applied in practical scenarios?
Chemistry,Organic Chemistry,1,Compare and contrast Organic Chemistry with related concepts in Chemistry.
Chemistry,Organic Chemistry,1,Describe a case study related to Organic Chemistry in Chemistry.
Chemistry,Organic Chemistry,1,Explain the historical development of Organic Chemistry in Chemistry.
Chemistry,Organic Chemistry,1,"What challenges arise in the study of Organic Chemistry, and how can they be addressed?"
Chemistry,Organic Chemistry,1,Illustrate Organic Chemistry with an example and explain its key features.
Chemistry,Organic Chemistry,1,Analyze the impact of Organic Chemistry in modern Chemistry studies.
Chemistry,Organic Chemistry,1,Explain how Organic Chemistry affects other concepts within Chemistry.
Chemistry,Organic Chemistry,1,Discuss any recent advancements related to Organic Chemistry.
Chemistry,Organic Chemistry,1,Provide an in-depth explanation of Organic Chemistry and its role in Chemistry.
Chemistry,Organic Chemistry,1,What are the ethical considerations related to Organic Chemistry?
Chemistry,Organic Chemistry,1,Critically evaluate the importance of Organic Chemistry in the study of Chemistry.
Chemistry,Organic Chemistry,2,What are the fundamental principles of Organic Chemistry in Chemistry?
Chemistry,Organic Chemistry,2,Explain Organic Chemistry with a real-life example.
Chemistry,Organic Chemistry,2,Discuss the significance of Organic Chemistry in Chemistry.
Chemistry,Organic Chemistry,2,How is Organic Chemistry applied in practical scenarios?
Chemistry,Organic Chemistry,2,Compare and contrast Organic Chemistry with related concepts in Chemistry.
Chemistry,Organic Chemistry,2,Describe a case study related to Organic Chemistry in Chemistry.
Chemistry,Organic Chemistry,2,Explain the historical development of Organic Chemistry in Chemistry.
Chemistry,Organic Chemistry,2,"What challenges arise in the study of Organic Chemistry, and how can they be addressed?"
Chemistry,Organic Chemistry,2,Illustrate Organic Chemistry with an example and explain its key features.
Chemistry,Organic Chemistry,2,Analyze the impact of Organic Chemistry in modern Chemistry studies.
Chemistry,Organic Chemistry,2,Explain how Organic Chemistry affects other concepts within Chemistry.
Chemistry,Organic Chemistry,2,Discuss any recent advancements related to Organic Chemistry.
Chemistry,Organic Chemistry,2,Provide an in-depth explanation of Organic Chemistry and its role in Chemistry.
Chemistry,Organic Chemistry,2,What are the ethical considerations related to Organic Chemistry?
Chemistry,Organic Chemistry,2,Critically evaluate the importance of Organic Chemistry in the study of Chemistry.
Chemistry,Organic Chemistry,3,What are the fundamental principles of Organic Chemistry in Chemistry?
Chemistry,Organic Chemistry,3,Explain Organic Chemistry with a real-life example.
Chemistry,Organic Chemistry,3,Discuss the significance of Organic Chemistry in Chemistry.
Chemistry,Organic Chemistry,3,How is Organic Chemistry applied in practical scenarios?
Chemistry,Organic Chemistry,3,Compare and contrast Organic Chemistry with related concepts in Chemistry.
Chemistry,Organic Chemistry,3,Describe a case study related to Organic Chemistry in Chemistry.
Chemistry,Organic Chemistry,3,Explain the historical development of Organic Chemistry in Chemistry.
Chemistry,Organic Chemistry,3,"What challenges arise in the study of Organic Chemistry, and how can they be addressed?"
Chemistry,Organic Chemistry,3,Illustrate Organic Chemistry with an example and explain its key features.
Chemistry,Organic Chemistry,3,Analyze the impact of Organic Chemistry in modern Chemistry studies.
Chemistry,Organic Chemistry,3,Explain how Organic Chemistry affects other concepts within Chemistry.
Chemistry,Organic Chemistry,3,Discuss any recent advancements related to Organic Chemistry.
Chemistry,Organic Chemistry,3,Provide an in-depth explanation of Organic Chemistry and its role in Chemistry.
Chemistry,Organic Chemistry,3,What are the ethical considerations related to Organic Chemistry?
Chemistry,Organic Chemistry,3,Critically evaluate the importance of Organic Chemistry in the study of Chemistry.
Chemistry,Organic Chemistry,4,What are the fundamental principles of Organic Chemistry in Chemistry?
Chemistry,Organic Chemistry,4,Explain Organic Chemistry with a real-life example.
Chemistry,Organic Chemistry,4,Discuss the significance of Organic Chemistry in Chemistry.
Chemistry,Organic Chemistry,4,How is Organic Chemistry applied in practical scenarios?
Chemistry,Organic Chemistry,4,Compare and contrast Organic Chemistry with related concepts in Chemistry.
Chemistry,Organic Chemistry,4,Describe a case study related to Organic Chemistry in Chemistry.
Chemistry,Organic Chemistry,4,Explain the historical development of Organic Chemistry in Chemistry.
Chemistry,Organic Chemistry,4,"What challenges arise in the study of Organic Chemistry, and how can they be addressed?"
Chemistry,Organic Chemistry,4,Illustrate Organic Chemistry with an example and explain its key features.
Chemistry,Organic Chemistry,4,Analyze the impact of Organic Chemistry in modern Chemistry studies.
Chemistry,Organic Chemistry,4,Explain how Organic Chemistry affects other concepts within Chemistry.
Chemistry,Organic Chemistry,4,Discuss any recent advancements related to Organic Chemistry.
Chemistry,Organic Chemistry,4,Provide an in-depth explanation of Organic Chemistry and its role in Chemistry.
Chemistry,Organic Chemistry,4,What are the ethical considerations related to Organic Chemistry?
Chemistry,Organic Chemistry,4,Critically evaluate the importance of Organic Chemistry in the study of Chemistry.
Chemistry,Acids and Bases,1,What are the fundamental principles of Acids and Bases in Chemistry?
Chemistry,Acids and Bases,1,Explain Acids and Bases with a real-life example.
Chemistry,Acids and Bases,1,Discuss the significance of Acids and Bases in Chemistry.
Chemistry,Acids and Bases,1,How is Acids and Bases applied in practical scenarios?
Chemistry,Acids and Bases,1,Compare and contrast Acids and Bases with related concepts in Chemistry.
Chemistry,Acids and Bases,1,Describe a case study related to Acids and Bases in Chemistry.
Chemistry,Acids and Bases,1,Explain the historical development of Acids and Bases in Chemistry.
Chemistry,Acids and Bases,1,"What challenges arise in the study of Acids and Bases, and how can they be addressed?"
Chemistry,Acids and Bases,1,Illustrate Acids and Bases with an example and explain its key features.
Chemistry,Acids and Bases,1,Analyze the impact of Acids and Bases in modern Chemistry studies.
Chemistry,Acids and Bases,1,Explain how Acids and Bases affects other concepts within Chemistry.
Chemistry,Acids and Bases,1,Discuss any recent advancements related to Acids and Bases.
Chemistry,Acids and Bases,1,Provide an in-depth explanation of Acids and Bases and its role in Chemistry.
Chemistry,Acids and Bases,1,What are the ethical considerations related to Acids and Bases?
Chemistry,Acids and Bases,1,Critically evaluate the importance of Acids and Bases in the study of Chemistry.
Chemistry,Acids and Bases,2,What are the fundamental principles of Acids and Bases in Chemistry?
Chemistry,Acids and Bases,2,Explain Acids and Bases with a real-life example.
Chemistry,Acids and Bases,2,Discuss the significance of Acids and Bases in Chemistry.
Chemistry,Acids and Bases,2,How is Acids and Bases applied in practical scenarios?
Chemistry,Acids and Bases,2,Compare and contrast Acids and Bases with related concepts in Chemistry.
Chemistry,Acids and Bases,2,Describe a case study related to Acids and Bases in Chemistry.
Chemistry,Acids and Bases,2,Explain the historical development of Acids and Bases in Chemistry.
Chemistry,Acids and Bases,2,"What challenges arise in the study of Acids and Bases, and how can they be addressed?"
Chemistry,Acids and Bases,2,Illustrate Acids and Bases with an example and explain its key features.
Chemistry,Acids and Bases,2,Analyze the impact of Acids and Bases in modern Chemistry studies.
Chemistry,Acids and Bases,2,Explain how Acids and Bases affects other concepts within Chemistry.
Chemistry,Acids and Bases,2,Discuss any recent advancements related to Acids and Bases.
Chemistry,Acids and Bases,2,Provide an in-depth explanation of Acids and Bases and its role in Chemistry.
Chemistry,Acids and Bases,2,What are the ethical considerations related to Acids and Bases?
Chemistry,Acids and Bases,2,Critically evaluate the importance of Acids and Bases in the study of Chemistry.
Chemistry,Acids and Bases,3,What are the fundamental principles of Acids and Bases in Chemistry?
Chemistry,Acids and Bases,3,Explain Acids and Bases with a real-life example.
Chemistry,Acids and Bases,3,Discuss the significance of Acids and Bases in Chemistry.
Chemistry,Acids and Bases,3,How is Acids and Bases applied in practical scenarios?
Chemistry,Acids and Bases,3,Compare and contrast Acids and Bases with related concepts in Chemistry.
Chemistry,Acids and Bases,3,Describe a case study related to Acids and Bases in Chemistry.
Chemistry,Acids and Bases,3,Explain the historical development of Acids and Bases in Chemistry.
Chemistry,Acids and Bases,3,"What challenges arise in the study of Acids and Bases, and how can they be addressed?"
Chemistry,Acids and Bases,3,Illustrate Acids and Bases with an example and explain its key features.
Chemistry,Acids and Bases,3,Analyze the impact of Acids and Bases in modern Chemistry studies.
Chemistry,Acids and Bases,3,Explain how Acids and Bases affects other concepts within Chemistry.
Chemistry,Acids and Bases,3,Discuss any recent advancements related to Acids and Bases.
Chemistry,Acids and Bases,3,Provide an in-depth explanation of Acids and Bases and its role in Chemistry.
Chemistry,Acids and Bases,3,What are the ethical considerations related to Acids and Bases?
Chemistry,Acids and Bases,3,Critically evaluate the importance of Acids and Bases in the study of Chemistry.
Chemistry,Acids and Bases,4,What are the fundamental principles of Acids and Bases in Chemistry?
Chemistry,Acids and Bases,4,Explain Acids and Bases with a real-life example.
Chemistry,Acids and Bases,4,Discuss the significance of Acids and Bases in Chemistry.
Chemistry,Acids and Bases,4,How is Acids and Bases applied in practical scenarios?
Chemistry,Acids and Bases,4,Compare and contrast Acids and Bases with related concepts in Chemistry.
Chemistry,Acids and Bases,4,Describe a case study related to Acids and Bases in Chemistry.
Chemistry,Acids and Bases,4,Explain the historical development of Acids and Bases in Chemistry.
Chemistry,Acids and Bases,4,"What challenges arise in the study of Acids and Bases, and how can they be addressed?"
Chemistry,Acids and Bases,4,Illustrate Acids and Bases with an example and explain its key features.
Chemistry,Acids and Bases,4,Analyze the impact of Acids and Bases in modern Chemistry studies.
Chemistry,Acids and Bases,4,Explain how Acids and Bases affects other concepts within Chemistry.
Chemistry,Acids and Bases,4,Discuss any recent advancements related to Acids and Bases.
Chemistry,Acids and Bases,4,Provide an in-depth explanation of Acids and Bases and its role in Chemistry.
Chemistry,Acids and Bases,4,What are the ethical considerations related to Acids and Bases?
Chemistry,Acids and Bases,4,Critically evaluate the importance of Acids and Bases in the study of Chemistry.
Chemistry,Thermochemistry,1,What are the fundamental principles of Thermochemistry in Chemistry?
Chemistry,Thermochemistry,1,Explain Thermochemistry with a real-life example.
Chemistry,Thermochemistry,1,Discuss the significance of Thermochemistry in Chemistry.
Chemistry,Thermochemistry,1,How is Thermochemistry applied in practical scenarios?
Chemistry,Thermochemistry,1,Compare and contrast Thermochemistry with related concepts in Chemistry.
Chemistry,Thermochemistry,1,Describe a case study related to Thermochemistry in Chemistry.
Chemistry,Thermochemistry,1,Explain the historical development of Thermochemistry in Chemistry.
Chemistry,Thermochemistry,1,"What challenges arise in the study of Thermochemistry, and how can they be addressed?"
Chemistry,Thermochemistry,1,Illustrate Thermochemistry with an example and explain its key features.
Chemistry,Thermochemistry,1,Analyze the impact of Thermochemistry in modern Chemistry studies.
Chemistry,Thermochemistry,1,Explain how Thermochemistry affects other concepts within Chemistry.
Chemistry,Thermochemistry,1,Discuss any recent advancements related to Thermochemistry.
Chemistry,Thermochemistry,1,Provide an in-depth explanation of Thermochemistry and its role in Chemistry.
Chemistry,Thermochemistry,1,What are the ethical considerations related to Thermochemistry?
Chemistry,Thermochemistry,1,Critically evaluate the importance of Thermochemistry in the study of Chemistry.
Chemistry,Thermochemistry,2,What are the fundamental principles of Thermochemistry in Chemistry?
Chemistry,Thermochemistry,2,Explain Thermochemistry with a real-life example.
Chemistry,Thermochemistry,2,Discuss the significance of Thermochemistry in Chemistry.
Chemistry,Thermochemistry,2,How is Thermochemistry applied in practical scenarios?
Chemistry,Thermochemistry,2,Compare and contrast Thermochemistry with related concepts in Chemistry.
Chemistry,Thermochemistry,2,Describe a case study related to Thermochemistry in Chemistry.
Chemistry,Thermochemistry,2,Explain the historical development of Thermochemistry in Chemistry.
Chemistry,Thermochemistry,2,"What challenges arise in the study of Thermochemistry, and how can they be addressed?"
Chemistry,Thermochemistry,2,Illustrate Thermochemistry with an example and explain its key features.
Chemistry,Thermochemistry,2,Analyze the impact of Thermochemistry in modern Chemistry studies.
Chemistry,Thermochemistry,2,Explain how Thermochemistry affects other concepts within Chemistry.
Chemistry,Thermochemistry,2,Discuss any recent advancements related to Thermochemistry.
Chemistry,Thermochemistry,2,Provide an in-depth explanation of Thermochemistry and its role in Chemistry.
Chemistry,Thermochemistry,2,What are the ethical considerations related to Thermochemistry?
Chemistry,Thermochemistry,2,Critically evaluate the importance of Thermochemistry in the study of Chemistry.
Chemistry,Thermochemistry,3,What are the fundamental principles of Thermochemistry in Chemistry?
Chemistry,Thermochemistry,3,Explain Thermochemistry with a real-life example.
Chemistry,Thermochemistry,3,Discuss the significance of Thermochemistry in Chemistry.
Chemistry,Thermochemistry,3,How is Thermochemistry applied in practical scenarios?
Chemistry,Thermochemistry,3,Compare and contrast Thermochemistry with related concepts in Chemistry.
Chemistry,Thermochemistry,3,Describe a case study related to Thermochemistry in Chemistry.
Chemistry,Thermochemistry,3,Explain the historical development of Thermochemistry in Chemistry.
Chemistry,Thermochemistry,3,"What challenges arise in the study of Thermochemistry, and how can they be addressed?"
Chemistry,Thermochemistry,3,Illustrate Thermochemistry with an example and explain its key features.
Chemistry,Thermochemistry,3,Analyze the impact of Thermochemistry in modern Chemistry studies.
Chemistry,Thermochemistry,3,Explain how Thermochemistry affects other concepts within Chemistry.
Chemistry,Thermochemistry,3,Discuss any recent advancements related to Thermochemistry.
Chemistry,Thermochemistry,3,Provide an in-depth explanation of Thermochemistry and its role in Chemistry.
Chemistry,Thermochemistry,3,What are the ethical considerations related to Thermochemistry?
Chemistry,Thermochemistry,3,Critically evaluate the importance of Thermochemistry in the study of Chemistry.
Chemistry,Thermochemistry,4,What are the fundamental principles of Thermochemistry in Chemistry?
Chemistry,Thermochemistry,4,Explain Thermochemistry with a real-life example.
Chemistry,Thermochemistry,4,Discuss the significance of Thermochemistry in Chemistry.
Chemistry,Thermochemistry,4,How is Thermochemistry applied in practical scenarios?
Chemistry,Thermochemistry,4,Compare and contrast Thermochemistry with related concepts in Chemistry.
Chemistry,Thermochemistry,4,Describe a case study related to Thermochemistry in Chemistry.
Chemistry,Thermochemistry,4,Explain the historical development of Thermochemistry in Chemistry.
Chemistry,Thermochemistry,4,"What challenges arise in the study of Thermochemistry, and how can they be addressed?"
Chemistry,Thermochemistry,4,Illustrate Thermochemistry with an example and explain its key features.
Chemistry,Thermochemistry,4,Analyze the impact of Thermochemistry in modern Chemistry studies.
Chemistry,Thermochemistry,4,Explain how Thermochemistry affects other concepts within Chemistry.
Chemistry,Thermochemistry,4,Discuss any recent advancements related to Thermochemistry.
Chemistry,Thermochemistry,4,Provide an in-depth explanation of Thermochemistry and its role in Chemistry.
Chemistry,Thermochemistry,4,What are the ethical considerations related to Thermochemistry?
Chemistry,Thermochemistry,4,Critically evaluate the importance of Thermochemistry in the study of Chemistry.
Chemistry,Electrochemistry,1,What are the fundamental principles of Electrochemistry in Chemistry?
Chemistry,Electrochemistry,1,Explain Electrochemistry with a real-life example.
Chemistry,Electrochemistry,1,Discuss the significance of Electrochemistry in Chemistry.
Chemistry,Electrochemistry,1,How is Electrochemistry applied in practical scenarios?
Chemistry,Electrochemistry,1,Compare and contrast Electrochemistry with related concepts in Chemistry.
Chemistry,Electrochemistry,1,Describe a case study related to Electrochemistry in Chemistry.
Chemistry,Electrochemistry,1,Explain the historical development of Electrochemistry in Chemistry.
Chemistry,Electrochemistry,1,"What challenges arise in the study of Electrochemistry, and how can they be addressed?"
Chemistry,Electrochemistry,1,Illustrate Electrochemistry with an example and explain its key features.
Chemistry,Electrochemistry,1,Analyze the impact of Electrochemistry in modern Chemistry studies.
Chemistry,Electrochemistry,1,Explain how Electrochemistry affects other concepts within Chemistry.
Chemistry,Electrochemistry,1,Discuss any recent advancements related to Electrochemistry.
Chemistry,Electrochemistry,1,Provide an in-depth explanation of Electrochemistry and its role in Chemistry.
Chemistry,Electrochemistry,1,What are the ethical considerations related to Electrochemistry?
Chemistry,Electrochemistry,1,Critically evaluate the importance of Electrochemistry in the study of Chemistry.
Chemistry,Electrochemistry,2,What are the fundamental principles of Electrochemistry in Chemistry?
Chemistry,Electrochemistry,2,Explain Electrochemistry with a real-life example.
Chemistry,Electrochemistry,2,Discuss the significance of Electrochemistry in Chemistry.
Chemistry,Electrochemistry,2,How is Electrochemistry applied in practical scenarios?
Chemistry,Electrochemistry,2,Compare and contrast Electrochemistry with related concepts in Chemistry.
Chemistry,Electrochemistry,2,Describe a case study related to Electrochemistry in Chemistry.
Chemistry,Electrochemistry,2,Explain the historical development of Electrochemistry in Chemistry.
Chemistry,Electrochemistry,2,"What challenges arise in the study of Electrochemistry, and how can they be addressed?"
Chemistry,Electrochemistry,2,Illustrate Electrochemistry with an example and explain its key features.
Chemistry,Electrochemistry,2,Analyze the impact of Electrochemistry in modern Chemistry studies.
Chemistry,Electrochemistry,2,Explain how Electrochemistry affects other concepts within Chemistry.
Chemistry,Electrochemistry,2,Discuss any recent advancements related to Electrochemistry.
Chemistry,Electrochemistry,2,Provide an in-depth explanation of Electrochemistry and its role in Chemistry.
Chemistry,Electrochemistry,2,What are the ethical considerations related to Electrochemistry?
Chemistry,Electrochemistry,2,Critically evaluate the importance of Electrochemistry in the study of Chemistry.
Chemistry,Electrochemistry,3,What are the fundamental principles of Electrochemistry in Chemistry?
Chemistry,Electrochemistry,3,Explain Electrochemistry with a real-life example.
Chemistry,Electrochemistry,3,Discuss the significance of Electrochemistry in Chemistry.
Chemistry,Electrochemistry,3,How is Electrochemistry applied in practical scenarios?
Chemistry,Electrochemistry,3,Compare and contrast Electrochemistry with related concepts in Chemistry.
Chemistry,Electrochemistry,3,Describe a case study related to Electrochemistry in Chemistry.
Chemistry,Electrochemistry,3,Explain the historical development of Electrochemistry in Chemistry.
Chemistry,Electrochemistry,3,"What challenges arise in the study of Electrochemistry, and how can they be addressed?"
Chemistry,Electrochemistry,3,Illustrate Electrochemistry with an example and explain its key features.
Chemistry,Electrochemistry,3,Analyze the impact of Electrochemistry in modern Chemistry studies.
Chemistry,Electrochemistry,3,Explain how Electrochemistry affects other concepts within Chemistry.
Chemistry,Electrochemistry,3,Discuss any recent advancements related to Electrochemistry.
Chemistry,Electrochemistry,3,Provide an in-depth explanation of Electrochemistry and its role in Chemistry.
Chemistry,Electrochemistry,3,What are the ethical considerations related to Electrochemistry?
Chemistry,Electrochemistry,3,Critically evaluate the importance of Electrochemistry in the study of Chemistry.
Chemistry,Electrochemistry,4,What are the fundamental principles of Electrochemistry in Chemistry?
Chemistry,Electrochemistry,4,Explain Electrochemistry with a real-life example.
Chemistry,Electrochemistry,4,Discuss the significance of Electrochemistry in Chemistry.
Chemistry,Electrochemistry,4,How is Electrochemistry applied in practical scenarios?
Chemistry,Electrochemistry,4,Compare and contrast Electrochemistry with related concepts in Chemistry.
Chemistry,Electrochemistry,4,Describe a case study related to Electrochemistry in Chemistry.
Chemistry,Electrochemistry,4,Explain the historical development of Electrochemistry in Chemistry.
Chemistry,Electrochemistry,4,"What challenges arise in the study of Electrochemistry, and how can they be addressed?"
Chemistry,Electrochemistry,4,Illustrate Electrochemistry with an example and explain its key features.
Chemistry,Electrochemistry,4,Analyze the impact of Electrochemistry in modern Chemistry studies.
Chemistry,Electrochemistry,4,Explain how Electrochemistry affects other concepts within Chemistry.
Chemistry,Electrochemistry,4,Discuss any recent advancements related to Electrochemistry.
Chemistry,Electrochemistry,4,Provide an in-depth explanation of Electrochemistry and its role in Chemistry.
Chemistry,Electrochemistry,4,What are the ethical considerations related to Electrochemistry?
Chemistry,Electrochemistry,4,Critically evaluate the importance of Electrochemistry in the study of Chemistry.
Chemistry,Kinetics,1,What are the fundamental principles of Kinetics in Chemistry?
Chemistry,Kinetics,1,Explain Kinetics with a real-life example.
Chemistry,Kinetics,1,Discuss the significance of Kinetics in Chemistry.
Chemistry,Kinetics,1,How is Kinetics applied in practical scenarios?
Chemistry,Kinetics,1,Compare and contrast Kinetics with related concepts in Chemistry.
Chemistry,Kinetics,1,Describe a case study related to Kinetics in Chemistry.
Chemistry,Kinetics,1,Explain the historical development of Kinetics in Chemistry.
Chemistry,Kinetics,1,"What challenges arise in the study of Kinetics, and how can they be addressed?"
Chemistry,Kinetics,1,Illustrate Kinetics with an example and explain its key features.
Chemistry,Kinetics,1,Analyze the impact of Kinetics in modern Chemistry studies.
Chemistry,Kinetics,1,Explain how Kinetics affects other concepts within Chemistry.
Chemistry,Kinetics,1,Discuss any recent advancements related to Kinetics.
Chemistry,Kinetics,1,Provide an in-depth explanation of Kinetics and its role in Chemistry.
Chemistry,Kinetics,1,What are the ethical considerations related to Kinetics?
Chemistry,Kinetics,1,Critically evaluate the importance of Kinetics in the study of Chemistry.
Chemistry,Kinetics,2,What are the fundamental principles of Kinetics in Chemistry?
Chemistry,Kinetics,2,Explain Kinetics with a real-life example.
Chemistry,Kinetics,2,Discuss the significance of Kinetics in Chemistry.
Chemistry,Kinetics,2,How is Kinetics applied in practical scenarios?
Chemistry,Kinetics,2,Compare and contrast Kinetics with related concepts in Chemistry.
Chemistry,Kinetics,2,Describe a case study related to Kinetics in Chemistry.
Chemistry,Kinetics,2,Explain the historical development of Kinetics in Chemistry.
Chemistry,Kinetics,2,"What challenges arise in the study of Kinetics, and how can they be addressed?"
Chemistry,Kinetics,2,Illustrate Kinetics with an example and explain its key features.
Chemistry,Kinetics,2,Analyze the impact of Kinetics in modern Chemistry studies.
Chemistry,Kinetics,2,Explain how Kinetics affects other concepts within Chemistry.
Chemistry,Kinetics,2,Discuss any recent advancements related to Kinetics.
Chemistry,Kinetics,2,Provide an in-depth explanation of Kinetics and its role in Chemistry.
Chemistry,Kinetics,2,What are the ethical considerations related to Kinetics?
Chemistry,Kinetics,2,Critically evaluate the importance of Kinetics in the study of Chemistry.
Chemistry,Kinetics,3,What are the fundamental principles of Kinetics in Chemistry?
Chemistry,Kinetics,3,Explain Kinetics with a real-life example.
Chemistry,Kinetics,3,Discuss the significance of Kinetics in Chemistry.
Chemistry,Kinetics,3,How is Kinetics applied in practical scenarios?
Chemistry,Kinetics,3,Compare and contrast Kinetics with related concepts in Chemistry.
Chemistry,Kinetics,3,Describe a case study related to Kinetics in Chemistry.
Chemistry,Kinetics,3,Explain the historical development of Kinetics in Chemistry.
Chemistry,Kinetics,3,"What challenges arise in the study of Kinetics, and how can they be addressed?"
Chemistry,Kinetics,3,Illustrate Kinetics with an example and explain its key features.
Chemistry,Kinetics,3,Analyze the impact of Kinetics in modern Chemistry studies.
Chemistry,Kinetics,3,Explain how Kinetics affects other concepts within Chemistry.
Chemistry,Kinetics,3,Discuss any recent advancements related to Kinetics.
Chemistry,Kinetics,3,Provide an in-depth explanation of Kinetics and its role in Chemistry.
Chemistry,Kinetics,3,What are the ethical considerations related to Kinetics?
Chemistry,Kinetics,3,Critically evaluate the importance of Kinetics in the study of Chemistry.
Chemistry,Kinetics,4,What are the fundamental principles of Kinetics in Chemistry?
Chemistry,Kinetics,4,Explain Kinetics with a real-life example.
Chemistry,Kinetics,4,Discuss the significance of Kinetics in Chemistry.
Chemistry,Kinetics,4,How is Kinetics applied in practical scenarios?
Chemistry,Kinetics,4,Compare and contrast Kinetics with related concepts in Chemistry.
Chemistry,Kinetics,4,Describe a case study related to Kinetics in Chemistry.
Chemistry,Kinetics,4,Explain the historical development of Kinetics in Chemistry.
Chemistry,Kinetics,4,"What challenges arise in the study of Kinetics, and how can they be addressed?"
Chemistry,Kinetics,4,Illustrate Kinetics with an example and explain its key features.
Chemistry,Kinetics,4,Analyze the impact of Kinetics in modern Chemistry studies.
Chemistry,Kinetics,4,Explain how Kinetics affects other concepts within Chemistry.
Chemistry,Kinetics,4,Discuss any recent advancements related to Kinetics.
Chemistry,Kinetics,4,Provide an in-depth explanation of Kinetics and its role in Chemistry.
Chemistry,Kinetics,4,What are the ethical considerations related to Kinetics?
Chemistry,Kinetics,4,Critically evaluate the importance of Kinetics in the study of Chemistry.
Chemistry,Biochemistry,1,What are the fundamental principles of Biochemistry in Chemistry?
Chemistry,Biochemistry,1,Explain Biochemistry with a real-life example.
Chemistry,Biochemistry,1,Discuss the significance of Biochemistry in Chemistry.
Chemistry,Biochemistry,1,How is Biochemistry applied in practical scenarios?
Chemistry,Biochemistry,1,Compare and contrast Biochemistry with related concepts in Chemistry.
Chemistry,Biochemistry,1,Describe a case study related to Biochemistry in Chemistry.
Chemistry,Biochemistry,1,Explain the historical development of Biochemistry in Chemistry.
Chemistry,Biochemistry,1,"What challenges arise in the study of Biochemistry, and how can they be addressed?"
Chemistry,Biochemistry,1,Illustrate Biochemistry with an example and explain its key features.
Chemistry,Biochemistry,1,Analyze the impact of Biochemistry in modern Chemistry studies.
Chemistry,Biochemistry,1,Explain how Biochemistry affects other concepts within Chemistry.
Chemistry,Biochemistry,1,Discuss any recent advancements related to Biochemistry.
Chemistry,Biochemistry,1,Provide an in-depth explanation of Biochemistry and its role in Chemistry.
Chemistry,Biochemistry,1,What are the ethical considerations related to Biochemistry?
Chemistry,Biochemistry,1,Critically evaluate the importance of Biochemistry in the study of Chemistry.
Chemistry,Biochemistry,2,What are the fundamental principles of Biochemistry in Chemistry?
Chemistry,Biochemistry,2,Explain Biochemistry with a real-life example.
Chemistry,Biochemistry,2,Discuss the significance of Biochemistry in Chemistry.
Chemistry,Biochemistry,2,How is Biochemistry applied in practical scenarios?
Chemistry,Biochemistry,2,Compare and contrast Biochemistry with related concepts in Chemistry.
Chemistry,Biochemistry,2,Describe a case study related to Biochemistry in Chemistry.
Chemistry,Biochemistry,2,Explain the historical development of Biochemistry in Chemistry.
Chemistry,Biochemistry,2,"What challenges arise in the study of Biochemistry, and how can they be addressed?"
Chemistry,Biochemistry,2,Illustrate Biochemistry with an example and explain its key features.
Chemistry,Biochemistry,2,Analyze the impact of Biochemistry in modern Chemistry studies.
Chemistry,Biochemistry,2,Explain how Biochemistry affects other concepts within Chemistry.
Chemistry,Biochemistry,2,Discuss any recent advancements related to Biochemistry.
Chemistry,Biochemistry,2,Provide an in-depth explanation of Biochemistry and its role in Chemistry.
Chemistry,Biochemistry,2,What are the ethical considerations related to Biochemistry?
Chemistry,Biochemistry,2,Critically evaluate the importance of Biochemistry in the study of Chemistry.
Chemistry,Biochemistry,3,What are the fundamental principles of Biochemistry in Chemistry?
Chemistry,Biochemistry,3,Explain Biochemistry with a real-life example.
Chemistry,Biochemistry,3,Discuss the significance of Biochemistry in Chemistry.
Chemistry,Biochemistry,3,How is Biochemistry applied in practical scenarios?
Chemistry,Biochemistry,3,Compare and contrast Biochemistry with related concepts in Chemistry.
Chemistry,Biochemistry,3,Describe a case study related to Biochemistry in Chemistry.
Chemistry,Biochemistry,3,Explain the historical development of Biochemistry in Chemistry.
Chemistry,Biochemistry,3,"What challenges arise in the study of Biochemistry, and how can they be addressed?"
Chemistry,Biochemistry,3,Illustrate Biochemistry with an example and explain its key features.
Chemistry,Biochemistry,3,Analyze the impact of Biochemistry in modern Chemistry studies.
Chemistry,Biochemistry,3,Explain how Biochemistry affects other concepts within Chemistry.
Chemistry,Biochemistry,3,Discuss any recent advancements related to Biochemistry.
Chemistry,Biochemistry,3,Provide an in-depth explanation of Biochemistry and its role in Chemistry.
Chemistry,Biochemistry,3,What are the ethical considerations related to Biochemistry?
Chemistry,Biochemistry,3,Critically evaluate the importance of Biochemistry in the study of Chemistry.
Chemistry,Biochemistry,4,What are the fundamental principles of Biochemistry in Chemistry?
Chemistry,Biochemistry,4,Explain Biochemistry with a real-life example.
Chemistry,Biochemistry,4,Discuss the significance of Biochemistry in Chemistry.
Chemistry,Biochemistry,4,How is Biochemistry applied in practical scenarios?
Chemistry,Biochemistry,4,Compare and contrast Biochemistry with related concepts in Chemistry.
Chemistry,Biochemistry,4,Describe a case study related to Biochemistry in Chemistry.
Chemistry,Biochemistry,4,Explain the historical development of Biochemistry in Chemistry.
Chemistry,Biochemistry,4,"What challenges arise in the study of Biochemistry, and how can they be addressed?"
Chemistry,Biochemistry,4,Illustrate Biochemistry with an example and explain its key features.
Chemistry,Biochemistry,4,Analyze the impact of Biochemistry in modern Chemistry studies.
Chemistry,Biochemistry,4,Explain how Biochemistry affects other concepts within Chemistry.
Chemistry,Biochemistry,4,Discuss any recent advancements related to Biochemistry.
Chemistry,Biochemistry,4,Provide an in-depth explanation of Biochemistry and its role in Chemistry.
Chemistry,Biochemistry,4,What are the ethical considerations related to Biochemistry?
Chemistry,Biochemistry,4,Critically evaluate the importance of Biochemistry in the study of Chemistry.
Maths,Algebra,1,What are the fundamental principles of Algebra in Maths?
Maths,Algebra,1,Explain Algebra with a real-life example.
Maths,Algebra,1,Discuss the significance of Algebra in Maths.
Maths,Algebra,1,How is Algebra applied in practical scenarios?
Maths,Algebra,1,Compare and contrast Algebra with related concepts in Maths.
Maths,Algebra,1,Describe a case study related to Algebra in Maths.
Maths,Algebra,1,Explain the historical development of Algebra in Maths.
Maths,Algebra,1,"What challenges arise in the study of Algebra, and how can they be addressed?"
Maths,Algebra,1,Illustrate Algebra with an example and explain its key features.
Maths,Algebra,1,Analyze the impact of Algebra in modern Maths studies.
Maths,Algebra,1,Explain how Algebra affects other concepts within Maths.
Maths,Algebra,1,Discuss any recent advancements related to Algebra.
Maths,Algebra,1,Provide an in-depth explanation of Algebra and its role in Maths.
Maths,Algebra,1,What are the ethical considerations related to Algebra?
Maths,Algebra,1,Critically evaluate the importance of Algebra in the study of Maths.
Maths,Algebra,2,What are the fundamental principles of Algebra in Maths?
Maths,Algebra,2,Explain Algebra with a real-life example.
Maths,Algebra,2,Discuss the significance of Algebra in Maths.
Maths,Algebra,2,How is Algebra applied in practical scenarios?
Maths,Algebra,2,Compare and contrast Algebra with related concepts in Maths.
Maths,Algebra,2,Describe a case study related to Algebra in Maths.
Maths,Algebra,2,Explain the historical development of Algebra in Maths.
Maths,Algebra,2,"What challenges arise in the study of Algebra, and how can they be addressed?"
Maths,Algebra,2,Illustrate Algebra with an example and explain its key features.
Maths,Algebra,2,Analyze the impact of Algebra in modern Maths studies.
Maths,Algebra,2,Explain how Algebra affects other concepts within Maths.
Maths,Algebra,2,Discuss any recent advancements related to Algebra.
Maths,Algebra,2,Provide an in-depth explanation of Algebra and its role in Maths.
Maths,Algebra,2,What are the ethical considerations related to Algebra?
Maths,Algebra,2,Critically evaluate the importance of Algebra in the study of Maths.
Maths,Algebra,3,What are the fundamental principles of Algebra in Maths?
Maths,Algebra,3,Explain Algebra with a real-life example.
Maths,Algebra,3,Discuss the significance of Algebra in Maths.
Maths,Algebra,3,How is Algebra applied in practical scenarios?
Maths,Algebra,3,Compare and contrast Algebra with related concepts in Maths.
Maths,Algebra,3,Describe a case study related to Algebra in Maths.
Maths,Algebra,3,Explain the historical development of Algebra in Maths.
Maths,Algebra,3,"What challenges arise in the study of Algebra, and how can they be addressed?"
Maths,Algebra,3,Illustrate Algebra with an example and explain its key features.
Maths,Algebra,3,Analyze the impact of Algebra in modern Maths studies.
Maths,Algebra,3,Explain how Algebra affects other concepts within Maths.
Maths,Algebra,3,Discuss any recent advancements related to Algebra.
Maths,Algebra,3,Provide an in-depth explanation of Algebra and its role in Maths.
Maths,Algebra,3,What are the ethical considerations related to Algebra?
Maths,Algebra,3,Critically evaluate the importance of Algebra in the study of Maths.
Maths,Algebra,4,What are the fundamental principles of Algebra in Maths?
Maths,Algebra,4,Explain Algebra with a real-life example.
Maths,Algebra,4,Discuss the significance of Algebra in Maths.
Maths,Algebra,4,How is Algebra applied in practical scenarios?
Maths,Algebra,4,Compare and contrast Algebra with related concepts in Maths.
Maths,Algebra,4,Describe a case study related to Algebra in Maths.
Maths,Algebra,4,Explain the historical development of Algebra in Maths.
Maths,Algebra,4,"What challenges arise in the study of Algebra, and how can they be addressed?"
Maths,Algebra,4,Illustrate Algebra with an example and explain its key features.
Maths,Algebra,4,Analyze the impact of Algebra in modern Maths studies.
Maths,Algebra,4,Explain how Algebra affects other concepts within Maths.
Maths,Algebra,4,Discuss any recent advancements related to Algebra.
Maths,Algebra,4,Provide an in-depth explanation of Algebra and its role in Maths.
Maths,Algebra,4,What are the ethical considerations related to Algebra?
Maths,Algebra,4,Critically evaluate the importance of Algebra in the study of Maths.
Maths,Calculus,1,What are the fundamental principles of Calculus in Maths?
Maths,Calculus,1,Explain Calculus with a real-life example.
Maths,Calculus,1,Discuss the significance of Calculus in Maths.
Maths,Calculus,1,How is Calculus applied in practical scenarios?
Maths,Calculus,1,Compare and contrast Calculus with related concepts in Maths.
Maths,Calculus,1,Describe a case study related to Calculus in Maths.
Maths,Calculus,1,Explain the historical development of Calculus in Maths.
Maths,Calculus,1,"What challenges arise in the study of Calculus, and how can they be addressed?"
Maths,Calculus,1,Illustrate Calculus with an example and explain its key features.
Maths,Calculus,1,Analyze the impact of Calculus in modern Maths studies.
Maths,Calculus,1,Explain how Calculus affects other concepts within Maths.
Maths,Calculus,1,Discuss any recent advancements related to Calculus.
Maths,Calculus,1,Provide an in-depth explanation of Calculus and its role in Maths.
Maths,Calculus,1,What are the ethical considerations related to Calculus?
Maths,Calculus,1,Critically evaluate the importance of Calculus in the study of Maths.
Maths,Calculus,2,What are the fundamental principles of Calculus in Maths?
Maths,Calculus,2,Explain Calculus with a real-life example.
Maths,Calculus,2,Discuss the significance of Calculus in Maths.
Maths,Calculus,2,How is Calculus applied in practical scenarios?
Maths,Calculus,2,Compare and contrast Calculus with related concepts in Maths.
Maths,Calculus,2,Describe a case study related to Calculus in Maths.
Maths,Calculus,2,Explain the historical development of Calculus in Maths.
Maths,Calculus,2,"What challenges arise in the study of Calculus, and how can they be addressed?"
Maths,Calculus,2,Illustrate Calculus with an example and explain its key features.
Maths,Calculus,2,Analyze the impact of Calculus in modern Maths studies.
Maths,Calculus,2,Explain how Calculus affects other concepts within Maths.
Maths,Calculus,2,Discuss any recent advancements related to Calculus.
Maths,Calculus,2,Provide an in-depth explanation of Calculus and its role in Maths.
Maths,Calculus,2,What are the ethical considerations related to Calculus?
Maths,Calculus,2,Critically evaluate the importance of Calculus in the study of Maths.
Maths,Calculus,3,What are the fundamental principles of Calculus in Maths?
Maths,Calculus,3,Explain Calculus with a real-life example.
Maths,Calculus,3,Discuss the significance of Calculus in Maths.
Maths,Calculus,3,How is Calculus applied in practical scenarios?
Maths,Calculus,3,Compare and contrast Calculus with related concepts in Maths.
Maths,Calculus,3,Describe a case study related to Calculus in Maths.
Maths,Calculus,3,Explain the historical development of Calculus in Maths.
Maths,Calculus,3,"What challenges arise in the study of Calculus, and how can they be addressed?"
Maths,Calculus,3,Illustrate Calculus with an example and explain its key features.
Maths,Calculus,3,Analyze the impact of Calculus in modern Maths studies.
Maths,Calculus,3,Explain how Calculus affects other concepts within Maths.
Maths,Calculus,3,Discuss any recent advancements related to Calculus.
Maths,Calculus,3,Provide an in-depth explanation of Calculus and its role in Maths.
Maths,Calculus,3,What are the ethical considerations related to Calculus?
Maths,Calculus,3,Critically evaluate the importance of Calculus in the study of Maths.
Maths,Calculus,4,What are the fundamental principles of Calculus in Maths?
Maths,Calculus,4,Explain Calculus with a real-life example.
Maths,Calculus,4,Discuss the significance of Calculus in Maths.
Maths,Calculus,4,How is Calculus applied in practical scenarios?
Maths,Calculus,4,Compare and contrast Calculus with related concepts in Maths.
Maths,Calculus,4,Describe a case study related to Calculus in Maths.
Maths,Calculus,4,Explain the historical development of Calculus in Maths.
Maths,Calculus,4,"What challenges arise in the study of Calculus, and how can they be addressed?"
Maths,Calculus,4,Illustrate Calculus with an example and explain its key features.
Maths,Calculus,4,Analyze the impact of Calculus in modern Maths studies.
Maths,Calculus,4,Explain how Calculus affects other concepts within Maths.
Maths,Calculus,4,Discuss any recent advancements related to Calculus.
Maths,Calculus,4,Provide an in-depth explanation of Calculus and its role in Maths.
Maths,Calculus,4,What are the ethical considerations related to Calculus?
Maths,Calculus,4,Critically evaluate the importance of Calculus in the study of Maths.
Maths,Probability,1,What are the fundamental principles of Probability in Maths?
Maths,Probability,1,Explain Probability with a real-life example.
Maths,Probability,1,Discuss the significance of Probability in Maths.
Maths,Probability,1,How is Probability applied in practical scenarios?
Maths,Probability,1,Compare and contrast Probability with related concepts in Maths.
Maths,Probability,1,Describe a case study related to Probability in Maths.
Maths,Probability,1,Explain the historical development of Probability in Maths.
Maths,Probability,1,"What challenges arise in the study of Probability, and how can they be addressed?"
Maths,Probability,1,Illustrate Probability with an example and explain its key features.
Maths,Probability,1,Analyze the impact of Probability in modern Maths studies.
Maths,Probability,1,Explain how Probability affects other concepts within Maths.
Maths,Probability,1,Discuss any recent advancements related to Probability.
Maths,Probability,1,Provide an in-depth explanation of Probability and its role in Maths.
Maths,Probability,1,What are the ethical considerations related to Probability?
Maths,Probability,1,Critically evaluate the importance of Probability in the study of Maths.
Maths,Probability,2,What are the fundamental principles of Probability in Maths?
Maths,Probability,2,Explain Probability with a real-life example.
Maths,Probability,2,Discuss the significance of Probability in Maths.
Maths,Probability,2,How is Probability applied in practical scenarios?
Maths,Probability,2,Compare and contrast Probability with related concepts in Maths.
Maths,Probability,2,Describe a case study related to Probability in Maths.
Maths,Probability,2,Explain the historical development of Probability in Maths.
Maths,Probability,2,"What challenges arise in the study of Probability, and how can they be addressed?"
Maths,Probability,2,Illustrate Probability with an example and explain its key features.
Maths,Probability,2,Analyze the impact of Probability in modern Maths studies.
Maths,Probability,2,Explain how Probability affects other concepts within Maths.
Maths,Probability,2,Discuss any recent advancements related to Probability.
Maths,Probability,2,Provide an in-depth explanation of Probability and its role in Maths.
Maths,Probability,2,What are the ethical considerations related to Probability?
Maths,Probability,2,Critically evaluate the importance of Probability in the study of Maths.
Maths,Probability,3,What are the fundamental principles of Probability in Maths?
Maths,Probability,3,Explain Probability with a real-life example.
Maths,Probability,3,Discuss the significance of Probability in Maths.
Maths,Probability,3,How is Probability applied in practical scenarios?
Maths,Probability,3,Compare and contrast Probability with related concepts in Maths.
Maths,Probability,3,Describe a case study related to Probability in Maths.
Maths,Probability,3,Explain the historical development of Probability in Maths.
Maths,Probability,3,"What challenges arise in the study of Probability, and how can they be addressed?"
Maths,Probability,3,Illustrate Probability with an example and explain its key features.
Maths,Probability,3,Analyze the impact of Probability in modern Maths studies.
Maths,Probability,3,Explain how Probability affects other concepts within Maths.
Maths,Probability,3,Discuss any recent advancements related to Probability.
Maths,Probability,3,Provide an in-depth explanation of Probability and its role in Maths.
Maths,Probability,3,What are the ethical considerations related to Probability?
Maths,Probability,3,Critically evaluate the importance of Probability in the study of Maths.
Maths,Probability,4,What are the fundamental principles of Probability in Maths?
Maths,Probability,4,Explain Probability with a real-life example.
Maths,Probability,4,Discuss the significance of Probability in Maths.
Maths,Probability,4,How is Probability applied in practical scenarios?
Maths,Probability,4,Compare and contrast Probability with related concepts in Maths.
Maths,Probability,4,Describe a case study related to Probability in Maths.
Maths,Probability,4,Explain the historical development of Probability in Maths.
Maths,Probability,4,"What challenges arise in the study of Probability, and how can they be addressed?"
Maths,Probability,4,Illustrate Probability with an example and explain its key features.
Maths,Probability,4,Analyze the impact of Probability in modern Maths studies.
Maths,Probability,4,Explain how Probability affects other concepts within Maths.
Maths,Probability,4,Discuss any recent advancements related to Probability.
Maths,Probability,4,Provide an in-depth explanation of Probability and its role in Maths.
Maths,Probability,4,What are the ethical considerations related to Probability?
Maths,Probability,4,Critically evaluate the importance of Probability in the study of Maths.
Maths,Statistics,1,What are the fundamental principles of Statistics in Maths?
Maths,Statistics,1,Explain Statistics with a real-life example.
Maths,Statistics,1,Discuss the significance of Statistics in Maths.
Maths,Statistics,1,How is Statistics applied in practical scenarios?
Maths,Statistics,1,Compare and contrast Statistics with related concepts in Maths.
Maths,Statistics,1,Describe a case study related to Statistics in Maths.
Maths,Statistics,1,Explain the historical development of Statistics in Maths.
Maths,Statistics,1,"What challenges arise in the study of Statistics, and how can they be addressed?"
Maths,Statistics,1,Illustrate Statistics with an example and explain its key features.
Maths,Statistics,1,Analyze the impact of Statistics in modern Maths studies.
Maths,Statistics,1,Explain how Statistics affects other concepts within Maths.
Maths,Statistics,1,Discuss any recent advancements related to Statistics.
Maths,Statistics,1,Provide an in-depth explanation of Statistics and its role in Maths.
Maths,Statistics,1,What are the ethical considerations related to Statistics?
Maths,Statistics,1,Critically evaluate the importance of Statistics in the study of Maths.
Maths,Statistics,2,What are the fundamental principles of Statistics in Maths?
Maths,Statistics,2,Explain Statistics with a real-life example.
Maths,Statistics,2,Discuss the significance of Statistics in Maths.
Maths,Statistics,2,How is Statistics applied in practical scenarios?
Maths,Statistics,2,Compare and contrast Statistics with related concepts in Maths.
Maths,Statistics,2,Describe a case study related to Statistics in Maths.
Maths,Statistics,2,Explain the historical development of Statistics in Maths.
Maths,Statistics,2,"What challenges arise in the study of Statistics, and how can they be addressed?"
Maths,Statistics,2,Illustrate Statistics with an example and explain its key features.
Maths,Statistics,2,Analyze the impact of Statistics in modern Maths studies.
Maths,Statistics,2,Explain how Statistics affects other concepts within Maths.
Maths,Statistics,2,Discuss any recent advancements related to Statistics.
Maths,Statistics,2,Provide an in-depth explanation of Statistics and its role in Maths.
Maths,Statistics,2,What are the ethical considerations related to Statistics?
Maths,Statistics,2,Critically evaluate the importance of Statistics in the study of Maths.
Maths,Statistics,3,What are the fundamental principles of Statistics in Maths?
Maths,Statistics,3,Explain Statistics with a real-life example.
Maths,Statistics,3,Discuss the significance of Statistics in Maths.
Maths,Statistics,3,How is Statistics applied in practical scenarios?
Maths,Statistics,3,Compare and contrast Statistics with related concepts in Maths.
Maths,Statistics,3,Describe a case study related to Statistics in Maths.
Maths,Statistics,3,Explain the historical development of Statistics in Maths.
Maths,Statistics,3,"What challenges arise in the study of Statistics, and how can they be addressed?"
Maths,Statistics,3,Illustrate Statistics with an example and explain its key features.
Maths,Statistics,3,Analyze the impact of Statistics in modern Maths studies.
Maths,Statistics,3,Explain how Statistics affects other concepts within Maths.
Maths,Statistics,3,Discuss any recent advancements related to Statistics.
Maths,Statistics,3,Provide an in-depth explanation of Statistics and its role in Maths.
Maths,Statistics,3,What are the ethical considerations related to Statistics?
Maths,Statistics,3,Critically evaluate the importance of Statistics in the study of Maths.
Maths,Statistics,4,What are the fundamental principles of Statistics in Maths?
Maths,Statistics,4,Explain Statistics with a real-life example.
Maths,Statistics,4,Discuss the significance of Statistics in Maths.
Maths,Statistics,4,How is Statistics applied in practical scenarios?
Maths,Statistics,4,Compare and contrast Statistics with related concepts in Maths.
Maths,Statistics,4,Describe a case study related to Statistics in Maths.
Maths,Statistics,4,Explain the historical development of Statistics in Maths.
Maths,Statistics,4,"What challenges arise in the study of Statistics, and how can they be addressed?"
Maths,Statistics,4,Illustrate Statistics with an example and explain its key features.
Maths,Statistics,4,Analyze the impact of Statistics in modern Maths studies.
Maths,Statistics,4,Explain how Statistics affects other concepts within Maths.
Maths,Statistics,4,Discuss any recent advancements related to Statistics.
Maths,Statistics,4,Provide an in-depth explanation of Statistics and its role in Maths.
Maths,Statistics,4,What are the ethical considerations related to Statistics?
Maths,Statistics,4,Critically evaluate the importance of Statistics in the study of Maths.
Maths,Geometry,1,What are the fundamental principles of Geometry in Maths?
Maths,Geometry,1,Explain Geometry with a real-life example.
Maths,Geometry,1,Discuss the significance of Geometry in Maths.
Maths,Geometry,1,How is Geometry applied in practical scenarios?
Maths,Geometry,1,Compare and contrast Geometry with related concepts in Maths.
Maths,Geometry,1,Describe a case study related to Geometry in Maths.
Maths,Geometry,1,Explain the historical development of Geometry in Maths.
Maths,Geometry,1,"What challenges arise in the study of Geometry, and how can they be addressed?"
Maths,Geometry,1,Illustrate Geometry with an example and explain its key features.
Maths,Geometry,1,Analyze the impact of Geometry in modern Maths studies.
Maths,Geometry,1,Explain how Geometry affects other concepts within Maths.
Maths,Geometry,1,Discuss any recent advancements related to Geometry.
Maths,Geometry,1,Provide an in-depth explanation of Geometry and its role in Maths.
Maths,Geometry,1,What are the ethical considerations related to Geometry?
Maths,Geometry,1,Critically evaluate the importance of Geometry in the study of Maths.
Maths,Geometry,2,What are the fundamental principles of Geometry in Maths?
Maths,Geometry,2,Explain Geometry with a real-life example.
Maths,Geometry,2,Discuss the significance of Geometry in Maths.
Maths,Geometry,2,How is Geometry applied in practical scenarios?
Maths,Geometry,2,Compare and contrast Geometry with related concepts in Maths.
Maths,Geometry,2,Describe a case study related to Geometry in Maths.
Maths,Geometry,2,Explain the historical development of Geometry in Maths.
Maths,Geometry,2,"What challenges arise in the study of Geometry, and how can they be addressed?"
Maths,Geometry,2,Illustrate Geometry with an example and explain its key features.
Maths,Geometry,2,Analyze the impact of Geometry in modern Maths studies.
Maths,Geometry,2,Explain how Geometry affects other concepts within Maths.
Maths,Geometry,2,Discuss any recent advancements related to Geometry.
Maths,Geometry,2,Provide an in-depth explanation of Geometry and its role in Maths.
Maths,Geometry,2,What are the ethical considerations related to Geometry?
Maths,Geometry,2,Critically evaluate the importance of Geometry in the study of Maths.
Maths,Geometry,3,What are the fundamental principles of Geometry in Maths?
Maths,Geometry,3,Explain Geometry with a real-life example.
Maths,Geometry,3,Discuss the significance of Geometry in Maths.
Maths,Geometry,3,How is Geometry applied in practical scenarios?
Maths,Geometry,3,Compare and contrast Geometry with related concepts in Maths.
Maths,Geometry,3,Describe a case study related to Geometry in Maths.
Maths,Geometry,3,Explain the historical development of Geometry in Maths.
Maths,Geometry,3,"What challenges arise in the study of Geometry, and how can they be addressed?"
Maths,Geometry,3,Illustrate Geometry with an example and explain its key features.
Maths,Geometry,3,Analyze the impact of Geometry in modern Maths studies.
Maths,Geometry,3,Explain how Geometry affects other concepts within Maths.
Maths,Geometry,3,Discuss any recent advancements related to Geometry.
Maths,Geometry,3,Provide an in-depth explanation of Geometry and its role in Maths.
Maths,Geometry,3,What are the ethical considerations related to Geometry?
Maths,Geometry,3,Critically evaluate the importance of Geometry in the study of Maths.
Maths,Geometry,4,What are the fundamental principles of Geometry in Maths?
Maths,Geometry,4,Explain Geometry with a real-life example.
Maths,Geometry,4,Discuss the significance of Geometry in Maths.
Maths,Geometry,4,How is Geometry applied in practical scenarios?
Maths,Geometry,4,Compare and contrast Geometry with related concepts in Maths.
Maths,Geometry,4,Describe a case study related to Geometry in Maths.
Maths,Geometry,4,Explain the historical development of Geometry in Maths.
Maths,Geometry,4,"What challenges arise in the study of Geometry, and how can they be addressed?"
Maths,Geometry,4,Illustrate Geometry with an example and explain its key features.
Maths,Geometry,4,Analyze the impact of Geometry in modern Maths studies.
Maths,Geometry,4,Explain how Geometry affects other concepts within Maths.
Maths,Geometry,4,Discuss any recent advancements related to Geometry.
Maths,Geometry,4,Provide an in-depth explanation of Geometry and its role in Maths.
Maths,Geometry,4,What are the ethical considerations related to Geometry?
Maths,Geometry,4,Critically evaluate the importance of Geometry in the study of Maths.
Maths,Trigonometry,1,What are the fundamental principles of Trigonometry in Maths?
Maths,Trigonometry,1,Explain Trigonometry with a real-life example.
Maths,Trigonometry,1,Discuss the significance of Trigonometry in Maths.
Maths,Trigonometry,1,How is Trigonometry applied in practical scenarios?
Maths,Trigonometry,1,Compare and contrast Trigonometry with related concepts in Maths.
Maths,Trigonometry,1,Describe a case study related to Trigonometry in Maths.
Maths,Trigonometry,1,Explain the historical development of Trigonometry in Maths.
Maths,Trigonometry,1,"What challenges arise in the study of Trigonometry, and how can they be addressed?"
Maths,Trigonometry,1,Illustrate Trigonometry with an example and explain its key features.
Maths,Trigonometry,1,Analyze the impact of Trigonometry in modern Maths studies.
Maths,Trigonometry,1,Explain how Trigonometry affects other concepts within Maths.
Maths,Trigonometry,1,Discuss any recent advancements related to Trigonometry.
Maths,Trigonometry,1,Provide an in-depth explanation of Trigonometry and its role in Maths.
Maths,Trigonometry,1,What are the ethical considerations related to Trigonometry?
Maths,Trigonometry,1,Critically evaluate the importance of Trigonometry in the study of Maths.
Maths,Trigonometry,2,What are the fundamental principles of Trigonometry in Maths?
Maths,Trigonometry,2,Explain Trigonometry with a real-life example.
Maths,Trigonometry,2,Discuss the significance of Trigonometry in Maths.
Maths,Trigonometry,2,How is Trigonometry applied in practical scenarios?
Maths,Trigonometry,2,Compare and contrast Trigonometry with related concepts in Maths.
Maths,Trigonometry,2,Describe a case study related to Trigonometry in Maths.
Maths,Trigonometry,2,Explain the historical development of Trigonometry in Maths.
Maths,Trigonometry,2,"What challenges arise in the study of Trigonometry, and how can they be addressed?"
Maths,Trigonometry,2,Illustrate Trigonometry with an example and explain its key features.
Maths,Trigonometry,2,Analyze the impact of Trigonometry in modern Maths studies.
Maths,Trigonometry,2,Explain how Trigonometry affects other concepts within Maths.
Maths,Trigonometry,2,Discuss any recent advancements related to Trigonometry.
Maths,Trigonometry,2,Provide an in-depth explanation of Trigonometry and its role in Maths.
Maths,Trigonometry,2,What are the ethical considerations related to Trigonometry?
Maths,Trigonometry,2,Critically evaluate the importance of Trigonometry in the study of Maths.
Maths,Trigonometry,3,What are the fundamental principles of Trigonometry in Maths?
Maths,Trigonometry,3,Explain Trigonometry with a real-life example.
Maths,Trigonometry,3,Discuss the significance of Trigonometry in Maths.
Maths,Trigonometry,3,How is Trigonometry applied in practical scenarios?
Maths,Trigonometry,3,Compare and contrast Trigonometry with related concepts in Maths.
Maths,Trigonometry,3,Describe a case study related to Trigonometry in Maths.
Maths,Trigonometry,3,Explain the historical development of Trigonometry in Maths.
Maths,Trigonometry,3,"What challenges arise in the study of Trigonometry, and how can they be addressed?"
Maths,Trigonometry,3,Illustrate Trigonometry with an example and explain its key features.
Maths,Trigonometry,3,Analyze the impact of Trigonometry in modern Maths studies.
Maths,Trigonometry,3,Explain how Trigonometry affects other concepts within Maths.
Maths,Trigonometry,3,Discuss any recent advancements related to Trigonometry.
Maths,Trigonometry,3,Provide an in-depth explanation of Trigonometry and its role in Maths.
Maths,Trigonometry,3,What are the ethical considerations related to Trigonometry?
Maths,Trigonometry,3,Critically evaluate the importance of Trigonometry in the study of Maths.
Maths,Trigonometry,4,What are the fundamental principles of Trigonometry in Maths?
Maths,Trigonometry,4,Explain Trigonometry with a real-life example.
Maths,Trigonometry,4,Discuss the significance of Trigonometry in Maths.
Maths,Trigonometry,4,How is Trigonometry applied in practical scenarios?
Maths,Trigonometry,4,Compare and contrast Trigonometry with related concepts in Maths.
Maths,Trigonometry,4,Describe a case study related to Trigonometry in Maths.
Maths,Trigonometry,4,Explain the historical development of Trigonometry in Maths.
Maths,Trigonometry,4,"What challenges arise in the study of Trigonometry, and how can they be addressed?"
Maths,Trigonometry,4,Illustrate Trigonometry with an example and explain its key features.
Maths,Trigonometry,4,Analyze the impact of Trigonometry in modern Maths studies.
Maths,Trigonometry,4,Explain how Trigonometry affects other concepts within Maths.
Maths,Trigonometry,4,Discuss any recent advancements related to Trigonometry.
Maths,Trigonometry,4,Provide an in-depth explanation of Trigonometry and its role in Maths.
Maths,Trigonometry,4,What are the ethical considerations related to Trigonometry?
Maths,Trigonometry,4,Critically evaluate the importance of Trigonometry in the study of Maths.
Maths,Linear Algebra,1,What are the fundamental principles of Linear Algebra in Maths?
Maths,Linear Algebra,1,Explain Linear Algebra with a real-life example.
Maths,Linear Algebra,1,Discuss the significance of Linear Algebra in Maths.
Maths,Linear Algebra,1,How is Linear Algebra applied in practical scenarios?
Maths,Linear Algebra,1,Compare and contrast Linear Algebra with related concepts in Maths.
Maths,Linear Algebra,1,Describe a case study related to Linear Algebra in Maths.
Maths,Linear Algebra,1,Explain the historical development of Linear Algebra in Maths.
Maths,Linear Algebra,1,"What challenges arise in the study of Linear Algebra, and how can they be addressed?"
Maths,Linear Algebra,1,Illustrate Linear Algebra with an example and explain its key features.
Maths,Linear Algebra,1,Analyze the impact of Linear Algebra in modern Maths studies.
Maths,Linear Algebra,1,Explain how Linear Algebra affects other concepts within Maths.
Maths,Linear Algebra,1,Discuss any recent advancements related to Linear Algebra.
Maths,Linear Algebra,1,Provide an in-depth explanation of Linear Algebra and its role in Maths.
Maths,Linear Algebra,1,What are the ethical considerations related to Linear Algebra?
Maths,Linear Algebra,1,Critically evaluate the importance of Linear Algebra in the study of Maths.
Maths,Linear Algebra,2,What are the fundamental principles of Linear Algebra in Maths?
Maths,Linear Algebra,2,Explain Linear Algebra with a real-life example.
Maths,Linear Algebra,2,Discuss the significance of Linear Algebra in Maths.
Maths,Linear Algebra,2,How is Linear Algebra applied in practical scenarios?
Maths,Linear Algebra,2,Compare and contrast Linear Algebra with related concepts in Maths.
Maths,Linear Algebra,2,Describe a case study related to Linear Algebra in Maths.
Maths,Linear Algebra,2,Explain the historical development of Linear Algebra in Maths.
Maths,Linear Algebra,2,"What challenges arise in the study of Linear Algebra, and how can they be addressed?"
Maths,Linear Algebra,2,Illustrate Linear Algebra with an example and explain its key features.
Maths,Linear Algebra,2,Analyze the impact of Linear Algebra in modern Maths studies.
Maths,Linear Algebra,2,Explain how Linear Algebra affects other concepts within Maths.
Maths,Linear Algebra,2,Discuss any recent advancements related to Linear Algebra.
Maths,Linear Algebra,2,Provide an in-depth explanation of Linear Algebra and its role in Maths.
Maths,Linear Algebra,2,What are the ethical considerations related to Linear Algebra?
Maths,Linear Algebra,2,Critically evaluate the importance of Linear Algebra in the study of Maths.
Maths,Linear Algebra,3,What are the fundamental principles of Linear Algebra in Maths?
Maths,Linear Algebra,3,Explain Linear Algebra with a real-life example.
Maths,Linear Algebra,3,Discuss the significance of Linear Algebra in Maths.
Maths,Linear Algebra,3,How is Linear Algebra applied in practical scenarios?
Maths,Linear Algebra,3,Compare and contrast Linear Algebra with related concepts in Maths.
Maths,Linear Algebra,3,Describe a case study related to Linear Algebra in Maths.
Maths,Linear Algebra,3,Explain the historical development of Linear Algebra in Maths.
Maths,Linear Algebra,3,"What challenges arise in the study of Linear Algebra, and how can they be addressed?"
Maths,Linear Algebra,3,Illustrate Linear Algebra with an example and explain its key features.
Maths,Linear Algebra,3,Analyze the impact of Linear Algebra in modern Maths studies.
Maths,Linear Algebra,3,Explain how Linear Algebra affects other concepts within Maths.
Maths,Linear Algebra,3,Discuss any recent advancements related to Linear Algebra.
Maths,Linear Algebra,3,Provide an in-depth explanation of Linear Algebra and its role in Maths.
Maths,Linear Algebra,3,What are the ethical considerations related to Linear Algebra?
Maths,Linear Algebra,3,Critically evaluate the importance of Linear Algebra in the study of Maths.
Maths,Linear Algebra,4,What are the fundamental principles of Linear Algebra in Maths?
Maths,Linear Algebra,4,Explain Linear Algebra with a real-life example.
Maths,Linear Algebra,4,Discuss the significance of Linear Algebra in Maths.
Maths,Linear Algebra,4,How is Linear Algebra applied in practical scenarios?
Maths,Linear Algebra,4,Compare and contrast Linear Algebra with related concepts in Maths.
Maths,Linear Algebra,4,Describe a case study related to Linear Algebra in Maths.
Maths,Linear Algebra,4,Explain the historical development of Linear Algebra in Maths.
Maths,Linear Algebra,4,"What challenges arise in the study of Linear Algebra, and how can they be addressed?"
Maths,Linear Algebra,4,Illustrate Linear Algebra with an example and explain its key features.
Maths,Linear Algebra,4,Analyze the impact of Linear Algebra in modern Maths studies.
Maths,Linear Algebra,4,Explain how Linear Algebra affects other concepts within Maths.
Maths,Linear Algebra,4,Discuss any recent advancements related to Linear Algebra.
Maths,Linear Algebra,4,Provide an in-depth explanation of Linear Algebra and its role in Maths.
Maths,Linear Algebra,4,What are the ethical considerations related to Linear Algebra?
Maths,Linear Algebra,4,Critically evaluate the importance of Linear Algebra in the study of Maths.
Maths,Number Theory,1,What are the fundamental principles of Number Theory in Maths?
Maths,Number Theory,1,Explain Number Theory with a real-life example.
Maths,Number Theory,1,Discuss the significance of Number Theory in Maths.
Maths,Number Theory,1,How is Number Theory applied in practical scenarios?
Maths,Number Theory,1,Compare and contrast Number Theory with related concepts in Maths.
Maths,Number Theory,1,Describe a case study related to Number Theory in Maths.
Maths,Number Theory,1,Explain the historical development of Number Theory in Maths.
Maths,Number Theory,1,"What challenges arise in the study of Number Theory, and how can they be addressed?"
Maths,Number Theory,1,Illustrate Number Theory with an example and explain its key features.
Maths,Number Theory,1,Analyze the impact of Number Theory in modern Maths studies.
Maths,Number Theory,1,Explain how Number Theory affects other concepts within Maths.
Maths,Number Theory,1,Discuss any recent advancements related to Number Theory.
Maths,Number Theory,1,Provide an in-depth explanation of Number Theory and its role in Maths.
Maths,Number Theory,1,What are the ethical considerations related to Number Theory?
Maths,Number Theory,1,Critically evaluate the importance of Number Theory in the study of Maths.
Maths,Number Theory,2,What are the fundamental principles of Number Theory in Maths?
Maths,Number Theory,2,Explain Number Theory with a real-life example.
Maths,Number Theory,2,Discuss the significance of Number Theory in Maths.
Maths,Number Theory,2,How is Number Theory applied in practical scenarios?
Maths,Number Theory,2,Compare and contrast Number Theory with related concepts in Maths.
Maths,Number Theory,2,Describe a case study related to Number Theory in Maths.
Maths,Number Theory,2,Explain the historical development of Number Theory in Maths.
Maths,Number Theory,2,"What challenges arise in the study of Number Theory, and how can they be addressed?"
Maths,Number Theory,2,Illustrate Number Theory with an example and explain its key features.
Maths,Number Theory,2,Analyze the impact of Number Theory in modern Maths studies.
Maths,Number Theory,2,Explain how Number Theory affects other concepts within Maths.
Maths,Number Theory,2,Discuss any recent advancements related to Number Theory.
Maths,Number Theory,2,Provide an in-depth explanation of Number Theory and its role in Maths.
Maths,Number Theory,2,What are the ethical considerations related to Number Theory?
Maths,Number Theory,2,Critically evaluate the importance of Number Theory in the study of Maths.
Maths,Number Theory,3,What are the fundamental principles of Number Theory in Maths?
Maths,Number Theory,3,Explain Number Theory with a real-life example.
Maths,Number Theory,3,Discuss the significance of Number Theory in Maths.
Maths,Number Theory,3,How is Number Theory applied in practical scenarios?
Maths,Number Theory,3,Compare and contrast Number Theory with related concepts in Maths.
Maths,Number Theory,3,Describe a case study related to Number Theory in Maths.
Maths,Number Theory,3,Explain the historical development of Number Theory in Maths.
Maths,Number Theory,3,"What challenges arise in the study of Number Theory, and how can they be addressed?"
Maths,Number Theory,3,Illustrate Number Theory with an example and explain its key features.
Maths,Number Theory,3,Analyze the impact of Number Theory in modern Maths studies.
Maths,Number Theory,3,Explain how Number Theory affects other concepts within Maths.
Maths,Number Theory,3,Discuss any recent advancements related to Number Theory.
Maths,Number Theory,3,Provide an in-depth explanation of Number Theory and its role in Maths.
Maths,Number Theory,3,What are the ethical considerations related to Number Theory?
Maths,Number Theory,3,Critically evaluate the importance of Number Theory in the study of Maths.
Maths,Number Theory,4,What are the fundamental principles of Number Theory in Maths?
Maths,Number Theory,4,Explain Number Theory with a real-life example.
Maths,Number Theory,4,Discuss the significance of Number Theory in Maths.
Maths,Number Theory,4,How is Number Theory applied in practical scenarios?
Maths,Number Theory,4,Compare and contrast Number Theory with related concepts in Maths.
Maths,Number Theory,4,Describe a case study related to Number Theory in Maths.
Maths,Number Theory,4,Explain the historical development of Number Theory in Maths.
Maths,Number Theory,4,"What challenges arise in the study of Number Theory, and how can they be addressed?"
Maths,Number Theory,4,Illustrate Number Theory with an example and explain its key features.
Maths,Number Theory,4,Analyze the impact of Number Theory in modern Maths studies.
Maths,Number Theory,4,Explain how Number Theory affects other concepts within Maths.
Maths,Number Theory,4,Discuss any recent advancements related to Number Theory.
Maths,Number Theory,4,Provide an in-depth explanation of Number Theory and its role in Maths.
Maths,Number Theory,4,What are the ethical considerations related to Number Theory?
Maths,Number Theory,4,Critically evaluate the importance of Number Theory in the study of Maths.
Biology,Cell Biology,1,What are the fundamental principles of Cell Biology in Biology?
Biology,Cell Biology,1,Explain Cell Biology with a real-life example.
Biology,Cell Biology,1,Discuss the significance of Cell Biology in Biology.
Biology,Cell Biology,1,How is Cell Biology applied in practical scenarios?
Biology,Cell Biology,1,Compare and contrast Cell Biology with related concepts in Biology.
Biology,Cell Biology,1,Describe a case study related to Cell Biology in Biology.
Biology,Cell Biology,1,Explain the historical development of Cell Biology in Biology.
Biology,Cell Biology,1,"What challenges arise in the study of Cell Biology, and how can they be addressed?"
Biology,Cell Biology,1,Illustrate Cell Biology with an example and explain its key features.
Biology,Cell Biology,1,Analyze the impact of Cell Biology in modern Biology studies.
Biology,Cell Biology,1,Explain how Cell Biology affects other concepts within Biology.
Biology,Cell Biology,1,Discuss any recent advancements related to Cell Biology.
Biology,Cell Biology,1,Provide an in-depth explanation of Cell Biology and its role in Biology.
Biology,Cell Biology,1,What are the ethical considerations related to Cell Biology?
Biology,Cell Biology,1,Critically evaluate the importance of Cell Biology in the study of Biology.
Biology,Cell Biology,2,What are the fundamental principles of Cell Biology in Biology?
Biology,Cell Biology,2,Explain Cell Biology with a real-life example.
Biology,Cell Biology,2,Discuss the significance of Cell Biology in Biology.
Biology,Cell Biology,2,How is Cell Biology applied in practical scenarios?
Biology,Cell Biology,2,Compare and contrast Cell Biology with related concepts in Biology.
Biology,Cell Biology,2,Describe a case study related to Cell Biology in Biology.
Biology,Cell Biology,2,Explain the historical development of Cell Biology in Biology.
Biology,Cell Biology,2,"What challenges arise in the study of Cell Biology, and how can they be addressed?"
Biology,Cell Biology,2,Illustrate Cell Biology with an example and explain its key features.
Biology,Cell Biology,2,Analyze the impact of Cell Biology in modern Biology studies.
Biology,Cell Biology,2,Explain how Cell Biology affects other concepts within Biology.
Biology,Cell Biology,2,Discuss any recent advancements related to Cell Biology.
Biology,Cell Biology,2,Provide an in-depth explanation of Cell Biology and its role in Biology.
Biology,Cell Biology,2,What are the ethical considerations related to Cell Biology?
Biology,Cell Biology,2,Critically evaluate the importance of Cell Biology in the study of Biology.
Biology,Cell Biology,3,What are the fundamental principles of Cell Biology in Biology?
Biology,Cell Biology,3,Explain Cell Biology with a real-life example.
Biology,Cell Biology,3,Discuss the significance of Cell Biology in Biology.
Biology,Cell Biology,3,How is Cell Biology applied in practical scenarios?
Biology,Cell Biology,3,Compare and contrast Cell Biology with related concepts in Biology.
Biology,Cell Biology,3,Describe a case study related to Cell Biology in Biology.
Biology,Cell Biology,3,Explain the historical development of Cell Biology in Biology.
Biology,Cell Biology,3,"What challenges arise in the study of Cell Biology, and how can they be addressed?"
Biology,Cell Biology,3,Illustrate Cell Biology with an example and explain its key features.
Biology,Cell Biology,3,Analyze the impact of Cell Biology in modern Biology studies.
Biology,Cell Biology,3,Explain how Cell Biology affects other concepts within Biology.
Biology,Cell Biology,3,Discuss any recent advancements related to Cell Biology.
Biology,Cell Biology,3,Provide an in-depth explanation of Cell Biology and its role in Biology.
Biology,Cell Biology,3,What are the ethical considerations related to Cell Biology?
Biology,Cell Biology,3,Critically evaluate the importance of Cell Biology in the study of Biology.
Biology,Cell Biology,4,What are the fundamental principles of Cell Biology in Biology?
Biology,Cell Biology,4,Explain Cell Biology with a real-life example.
Biology,Cell Biology,4,Discuss the significance of Cell Biology in Biology.
Biology,Cell Biology,4,How is Cell Biology applied in practical scenarios?
Biology,Cell Biology,4,Compare and contrast Cell Biology with related concepts in Biology.
Biology,Cell Biology,4,Describe a case study related to Cell Biology in Biology.
Biology,Cell Biology,4,Explain the historical development of Cell Biology in Biology.
Biology,Cell Biology,4,"What challenges arise in the study of Cell Biology, and how can they be addressed?"
Biology,Cell Biology,4,Illustrate Cell Biology with an example and explain its key features.
Biology,Cell Biology,4,Analyze the impact of Cell Biology in modern Biology studies.
Biology,Cell Biology,4,Explain how Cell Biology affects other concepts within Biology.
Biology,Cell Biology,4,Discuss any recent advancements related to Cell Biology.
Biology,Cell Biology,4,Provide an in-depth explanation of Cell Biology and its role in Biology.
Biology,Cell Biology,4,What are the ethical considerations related to Cell Biology?
Biology,Cell Biology,4,Critically evaluate the importance of Cell Biology in the study of Biology.
Biology,Genetics,1,What are the fundamental principles of Genetics in Biology?
Biology,Genetics,1,Explain Genetics with a real-life example.
Biology,Genetics,1,Discuss the significance of Genetics in Biology.
Biology,Genetics,1,How is Genetics applied in practical scenarios?
Biology,Genetics,1,Compare and contrast Genetics with related concepts in Biology.
Biology,Genetics,1,Describe a case study related to Genetics in Biology.
Biology,Genetics,1,Explain the historical development of Genetics in Biology.
Biology,Genetics,1,"What challenges arise in the study of Genetics, and how can they be addressed?"
Biology,Genetics,1,Illustrate Genetics with an example and explain its key features.
Biology,Genetics,1,Analyze the impact of Genetics in modern Biology studies.
Biology,Genetics,1,Explain how Genetics affects other concepts within Biology.
Biology,Genetics,1,Discuss any recent advancements related to Genetics.
Biology,Genetics,1,Provide an in-depth explanation of Genetics and its role in Biology.
Biology,Genetics,1,What are the ethical considerations related to Genetics?
Biology,Genetics,1,Critically evaluate the importance of Genetics in the study of Biology.
Biology,Genetics,2,What are the fundamental principles of Genetics in Biology?
Biology,Genetics,2,Explain Genetics with a real-life example.
Biology,Genetics,2,Discuss the significance of Genetics in Biology.
Biology,Genetics,2,How is Genetics applied in practical scenarios?
Biology,Genetics,2,Compare and contrast Genetics with related concepts in Biology.
Biology,Genetics,2,Describe a case study related to Genetics in Biology.
Biology,Genetics,2,Explain the historical development of Genetics in Biology.
Biology,Genetics,2,"What challenges arise in the study of Genetics, and how can they be addressed?"
Biology,Genetics,2,Illustrate Genetics with an example and explain its key features.
Biology,Genetics,2,Analyze the impact of Genetics in modern Biology studies.
Biology,Genetics,2,Explain how Genetics affects other concepts within Biology.
Biology,Genetics,2,Discuss any recent advancements related to Genetics.
Biology,Genetics,2,Provide an in-depth explanation of Genetics and its role in Biology.
Biology,Genetics,2,What are the ethical considerations related to Genetics?
Biology,Genetics,2,Critically evaluate the importance of Genetics in the study of Biology.
Biology,Genetics,3,What are the fundamental principles of Genetics in Biology?
Biology,Genetics,3,Explain Genetics with a real-life example.
Biology,Genetics,3,Discuss the significance of Genetics in Biology.
Biology,Genetics,3,How is Genetics applied in practical scenarios?
Biology,Genetics,3,Compare and contrast Genetics with related concepts in Biology.
Biology,Genetics,3,Describe a case study related to Genetics in Biology.
Biology,Genetics,3,Explain the historical development of Genetics in Biology.
Biology,Genetics,3,"What challenges arise in the study of Genetics, and how can they be addressed?"
Biology,Genetics,3,Illustrate Genetics with an example and explain its key features.
Biology,Genetics,3,Analyze the impact of Genetics in modern Biology studies.
Biology,Genetics,3,Explain how Genetics affects other concepts within Biology.
Biology,Genetics,3,Discuss any recent advancements related to Genetics.
Biology,Genetics,3,Provide an in-depth explanation of Genetics and its role in Biology.
Biology,Genetics,3,What are the ethical considerations related to Genetics?
Biology,Genetics,3,Critically evaluate the importance of Genetics in the study of Biology.
Biology,Genetics,4,What are the fundamental principles of Genetics in Biology?
Biology,Genetics,4,Explain Genetics with a real-life example.
Biology,Genetics,4,Discuss the significance of Genetics in Biology.
Biology,Genetics,4,How is Genetics applied in practical scenarios?
Biology,Genetics,4,Compare and contrast Genetics with related concepts in Biology.
Biology,Genetics,4,Describe a case study related to Genetics in Biology.
Biology,Genetics,4,Explain the historical development of Genetics in Biology.
Biology,Genetics,4,"What challenges arise in the study of Genetics, and how can they be addressed?"
Biology,Genetics,4,Illustrate Genetics with an example and explain its key features.
Biology,Genetics,4,Analyze the impact of Genetics in modern Biology studies.
Biology,Genetics,4,Explain how Genetics affects other concepts within Biology.
Biology,Genetics,4,Discuss any recent advancements related to Genetics.
Biology,Genetics,4,Provide an in-depth explanation of Genetics and its role in Biology.
Biology,Genetics,4,What are the ethical considerations related to Genetics?
Biology,Genetics,4,Critically evaluate the importance of Genetics in the study of Biology.
Biology,Evolution,1,What are the fundamental principles of Evolution in Biology?
Biology,Evolution,1,Explain Evolution with a real-life example.
Biology,Evolution,1,Discuss the significance of Evolution in Biology.
Biology,Evolution,1,How is Evolution applied in practical scenarios?
Biology,Evolution,1,Compare and contrast Evolution with related concepts in Biology.
Biology,Evolution,1,Describe a case study related to Evolution in Biology.
Biology,Evolution,1,Explain the historical development of Evolution in Biology.
Biology,Evolution,1,"What challenges arise in the study of Evolution, and how can they be addressed?"
Biology,Evolution,1,Illustrate Evolution with an example and explain its key features.
Biology,Evolution,1,Analyze the impact of Evolution in modern Biology studies.
Biology,Evolution,1,Explain how Evolution affects other concepts within Biology.
Biology,Evolution,1,Discuss any recent advancements related to Evolution.
Biology,Evolution,1,Provide an in-depth explanation of Evolution and its role in Biology.
Biology,Evolution,1,What are the ethical considerations related to Evolution?
Biology,Evolution,1,Critically evaluate the importance of Evolution in the study of Biology.
Biology,Evolution,2,What are the fundamental principles of Evolution in Biology?
Biology,Evolution,2,Explain Evolution with a real-life example.
Biology,Evolution,2,Discuss the significance of Evolution in Biology.
Biology,Evolution,2,How is Evolution applied in practical scenarios?
Biology,Evolution,2,Compare and contrast Evolution with related concepts in Biology.
Biology,Evolution,2,Describe a case study related to Evolution in Biology.
Biology,Evolution,2,Explain the historical development of Evolution in Biology.
Biology,Evolution,2,"What challenges arise in the study of Evolution, and how can they be addressed?"
Biology,Evolution,2,Illustrate Evolution with an example and explain its key features.
Biology,Evolution,2,Analyze the impact of Evolution in modern Biology studies.
Biology,Evolution,2,Explain how Evolution affects other concepts within Biology.
Biology,Evolution,2,Discuss any recent advancements related to Evolution.
Biology,Evolution,2,Provide an in-depth explanation of Evolution and its role in Biology.
Biology,Evolution,2,What are the ethical considerations related to Evolution?
Biology,Evolution,2,Critically evaluate the importance of Evolution in the study of Biology.
Biology,Evolution,3,What are the fundamental principles of Evolution in Biology?
Biology,Evolution,3,Explain Evolution with a real-life example.
Biology,Evolution,3,Discuss the significance of Evolution in Biology.
Biology,Evolution,3,How is Evolution applied in practical scenarios?
Biology,Evolution,3,Compare and contrast Evolution with related concepts in Biology.
Biology,Evolution,3,Describe a case study related to Evolution in Biology.
Biology,Evolution,3,Explain the historical development of Evolution in Biology.
Biology,Evolution,3,"What challenges arise in the study of Evolution, and how can they be addressed?"
Biology,Evolution,3,Illustrate Evolution with an example and explain its key features.
Biology,Evolution,3,Analyze the impact of Evolution in modern Biology studies.
Biology,Evolution,3,Explain how Evolution affects other concepts within Biology.
Biology,Evolution,3,Discuss any recent advancements related to Evolution.
Biology,Evolution,3,Provide an in-depth explanation of Evolution and its role in Biology.
Biology,Evolution,3,What are the ethical considerations related to Evolution?
Biology,Evolution,3,Critically evaluate the importance of Evolution in the study of Biology.
Biology,Evolution,4,What are the fundamental principles of Evolution in Biology?
Biology,Evolution,4,Explain Evolution with a real-life example.
Biology,Evolution,4,Discuss the significance of Evolution in Biology.
Biology,Evolution,4,How is Evolution applied in practical scenarios?
Biology,Evolution,4,Compare and contrast Evolution with related concepts in Biology.
Biology,Evolution,4,Describe a case study related to Evolution in Biology.
Biology,Evolution,4,Explain the historical development of Evolution in Biology.
Biology,Evolution,4,"What challenges arise in the study of Evolution, and how can they be addressed?"
Biology,Evolution,4,Illustrate Evolution with an example and explain its key features.
Biology,Evolution,4,Analyze the impact of Evolution in modern Biology studies.
Biology,Evolution,4,Explain how Evolution affects other concepts within Biology.
Biology,Evolution,4,Discuss any recent advancements related to Evolution.
Biology,Evolution,4,Provide an in-depth explanation of Evolution and its role in Biology.
Biology,Evolution,4,What are the ethical considerations related to Evolution?
Biology,Evolution,4,Critically evaluate the importance of Evolution in the study of Biology.
Biology,Human Physiology,1,What are the fundamental principles of Human Physiology in Biology?
Biology,Human Physiology,1,Explain Human Physiology with a real-life example.
Biology,Human Physiology,1,Discuss the significance of Human Physiology in Biology.
Biology,Human Physiology,1,How is Human Physiology applied in practical scenarios?
Biology,Human Physiology,1,Compare and contrast Human Physiology with related concepts in Biology.
Biology,Human Physiology,1,Describe a case study related to Human Physiology in Biology.
Biology,Human Physiology,1,Explain the historical development of Human Physiology in Biology.
Biology,Human Physiology,1,"What challenges arise in the study of Human Physiology, and how can they be addressed?"
Biology,Human Physiology,1,Illustrate Human Physiology with an example and explain its key features.
Biology,Human Physiology,1,Analyze the impact of Human Physiology in modern Biology studies.
Biology,Human Physiology,1,Explain how Human Physiology affects other concepts within Biology.
Biology,Human Physiology,1,Discuss any recent advancements related to Human Physiology.
Biology,Human Physiology,1,Provide an in-depth explanation of Human Physiology and its role in Biology.
Biology,Human Physiology,1,What are the ethical considerations related to Human Physiology?
Biology,Human Physiology,1,Critically evaluate the importance of Human Physiology in the study of Biology.
Biology,Human Physiology,2,What are the fundamental principles of Human Physiology in Biology?
Biology,Human Physiology,2,Explain Human Physiology with a real-life example.
Biology,Human Physiology,2,Discuss the significance of Human Physiology in Biology.
Biology,Human Physiology,2,How is Human Physiology applied in practical scenarios?
Biology,Human Physiology,2,Compare and contrast Human Physiology with related concepts in Biology.
Biology,Human Physiology,2,Describe a case study related to Human Physiology in Biology.
Biology,Human Physiology,2,Explain the historical development of Human Physiology in Biology.
Biology,Human Physiology,2,"What challenges arise in the study of Human Physiology, and how can they be addressed?"
Biology,Human Physiology,2,Illustrate Human Physiology with an example and explain its key features.
Biology,Human Physiology,2,Analyze the impact of Human Physiology in modern Biology studies.
Biology,Human Physiology,2,Explain how Human Physiology affects other concepts within Biology.
Biology,Human Physiology,2,Discuss any recent advancements related to Human Physiology.
Biology,Human Physiology,2,Provide an in-depth explanation of Human Physiology and its role in Biology.
Biology,Human Physiology,2,What are the ethical considerations related to Human Physiology?
Biology,Human Physiology,2,Critically evaluate the importance of Human Physiology in the study of Biology.
Biology,Human Physiology,3,What are the fundamental principles of Human Physiology in Biology?
Biology,Human Physiology,3,Explain Human Physiology with a real-life example.
Biology,Human Physiology,3,Discuss the significance of Human Physiology in Biology.
Biology,Human Physiology,3,How is Human Physiology applied in practical scenarios?
Biology,Human Physiology,3,Compare and contrast Human Physiology with related concepts in Biology.
Biology,Human Physiology,3,Describe a case study related to Human Physiology in Biology.
Biology,Human Physiology,3,Explain the historical development of Human Physiology in Biology.
Biology,Human Physiology,3,"What challenges arise in the study of Human Physiology, and how can they be addressed?"
Biology,Human Physiology,3,Illustrate Human Physiology with an example and explain its key features.
Biology,Human Physiology,3,Analyze the impact of Human Physiology in modern Biology studies.
Biology,Human Physiology,3,Explain how Human Physiology affects other concepts within Biology.
Biology,Human Physiology,3,Discuss any recent advancements related to Human Physiology.
Biology,Human Physiology,3,Provide an in-depth explanation of Human Physiology and its role in Biology.
Biology,Human Physiology,3,What are the ethical considerations related to Human Physiology?
Biology,Human Physiology,3,Critically evaluate the importance of Human Physiology in the study of Biology.
Biology,Human Physiology,4,What are the fundamental principles of Human Physiology in Biology?
Biology,Human Physiology,4,Explain Human Physiology with a real-life example.
Biology,Human Physiology,4,Discuss the significance of Human Physiology in Biology.
Biology,Human Physiology,4,How is Human Physiology applied in practical scenarios?
Biology,Human Physiology,4,Compare and contrast Human Physiology with related concepts in Biology.
Biology,Human Physiology,4,Describe a case study related to Human Physiology in Biology.
Biology,Human Physiology,4,Explain the historical development of Human Physiology in Biology.
Biology,Human Physiology,4,"What challenges arise in the study of Human Physiology, and how can they be addressed?"
Biology,Human Physiology,4,Illustrate Human Physiology with an example and explain its key features.
Biology,Human Physiology,4,Analyze the impact of Human Physiology in modern Biology studies.
Biology,Human Physiology,4,Explain how Human Physiology affects other concepts within Biology.
Biology,Human Physiology,4,Discuss any recent advancements related to Human Physiology.
Biology,Human Physiology,4,Provide an in-depth explanation of Human Physiology and its role in Biology.
Biology,Human Physiology,4,What are the ethical considerations related to Human Physiology?
Biology,Human Physiology,4,Critically evaluate the importance of Human Physiology in the study of Biology.
Biology,Ecology,1,What are the fundamental principles of Ecology in Biology?
Biology,Ecology,1,Explain Ecology with a real-life example.
Biology,Ecology,1,Discuss the significance of Ecology in Biology.
Biology,Ecology,1,How is Ecology applied in practical scenarios?
Biology,Ecology,1,Compare and contrast Ecology with related concepts in Biology.
Biology,Ecology,1,Describe a case study related to Ecology in Biology.
Biology,Ecology,1,Explain the historical development of Ecology in Biology.
Biology,Ecology,1,"What challenges arise in the study of Ecology, and how can they be addressed?"
Biology,Ecology,1,Illustrate Ecology with an example and explain its key features.
Biology,Ecology,1,Analyze the impact of Ecology in modern Biology studies.
Biology,Ecology,1,Explain how Ecology affects other concepts within Biology.
Biology,Ecology,1,Discuss any recent advancements related to Ecology.
Biology,Ecology,1,Provide an in-depth explanation of Ecology and its role in Biology.
Biology,Ecology,1,What are the ethical considerations related to Ecology?
Biology,Ecology,1,Critically evaluate the importance of Ecology in the study of Biology.
Biology,Ecology,2,What are the fundamental principles of Ecology in Biology?
Biology,Ecology,2,Explain Ecology with a real-life example.
Biology,Ecology,2,Discuss the significance of Ecology in Biology.
Biology,Ecology,2,How is Ecology applied in practical scenarios?
Biology,Ecology,2,Compare and contrast Ecology with related concepts in Biology.
Biology,Ecology,2,Describe a case study related to Ecology in Biology.
Biology,Ecology,2,Explain the historical development of Ecology in Biology.
Biology,Ecology,2,"What challenges arise in the study of Ecology, and how can they be addressed?"
Biology,Ecology,2,Illustrate Ecology with an example and explain its key features.
Biology,Ecology,2,Analyze the impact of Ecology in modern Biology studies.
Biology,Ecology,2,Explain how Ecology affects other concepts within Biology.
Biology,Ecology,2,Discuss any recent advancements related to Ecology.
Biology,Ecology,2,Provide an in-depth explanation of Ecology and its role in Biology.
Biology,Ecology,2,What are the ethical considerations related to Ecology?
Biology,Ecology,2,Critically evaluate the importance of Ecology in the study of Biology.
Biology,Ecology,3,What are the fundamental principles of Ecology in Biology?
Biology,Ecology,3,Explain Ecology with a real-life example.
Biology,Ecology,3,Discuss the significance of Ecology in Biology.
Biology,Ecology,3,How is Ecology applied in practical scenarios?
Biology,Ecology,3,Compare and contrast Ecology with related concepts in Biology.
Biology,Ecology,3,Describe a case study related to Ecology in Biology.
Biology,Ecology,3,Explain the historical development of Ecology in Biology.
Biology,Ecology,3,"What challenges arise in the study of Ecology, and how can they be addressed?"
Biology,Ecology,3,Illustrate Ecology with an example and explain its key features.
Biology,Ecology,3,Analyze the impact of Ecology in modern Biology studies.
Biology,Ecology,3,Explain how Ecology affects other concepts within Biology.
Biology,Ecology,3,Discuss any recent advancements related to Ecology.
Biology,Ecology,3,Provide an in-depth explanation of Ecology and its role in Biology.
Biology,Ecology,3,What are the ethical considerations related to Ecology?
Biology,Ecology,3,Critically evaluate the importance of Ecology in the study of Biology.
Biology,Ecology,4,What are the fundamental principles of Ecology in Biology?
Biology,Ecology,4,Explain Ecology with a real-life example.
Biology,Ecology,4,Discuss the significance of Ecology in Biology.
Biology,Ecology,4,How is Ecology applied in practical scenarios?
Biology,Ecology,4,Compare and contrast Ecology with related concepts in Biology.
Biology,Ecology,4,Describe a case study related to Ecology in Biology.
Biology,Ecology,4,Explain the historical development of Ecology in Biology.
Biology,Ecology,4,"What challenges arise in the study of Ecology, and how can they be addressed?"
Biology,Ecology,4,Illustrate Ecology with an example and explain its key features.
Biology,Ecology,4,Analyze the impact of Ecology in modern Biology studies.
Biology,Ecology,4,Explain how Ecology affects other concepts within Biology.
Biology,Ecology,4,Discuss any recent advancements related to Ecology.
Biology,Ecology,4,Provide an in-depth explanation of Ecology and its role in Biology.
Biology,Ecology,4,What are the ethical considerations related to Ecology?
Biology,Ecology,4,Critically evaluate the importance of Ecology in the study of Biology.
Biology,Microbiology,1,What are the fundamental principles of Microbiology in Biology?
Biology,Microbiology,1,Explain Microbiology with a real-life example.
Biology,Microbiology,1,Discuss the significance of Microbiology in Biology.
Biology,Microbiology,1,How is Microbiology applied in practical scenarios?
Biology,Microbiology,1,Compare and contrast Microbiology with related concepts in Biology.
Biology,Microbiology,1,Describe a case study related to Microbiology in Biology.
Biology,Microbiology,1,Explain the historical development of Microbiology in Biology.
Biology,Microbiology,1,"What challenges arise in the study of Microbiology, and how can they be addressed?"
Biology,Microbiology,1,Illustrate Microbiology with an example and explain its key features.
Biology,Microbiology,1,Analyze the impact of Microbiology in modern Biology studies.
Biology,Microbiology,1,Explain how Microbiology affects other concepts within Biology.
Biology,Microbiology,1,Discuss any recent advancements related to Microbiology.
Biology,Microbiology,1,Provide an in-depth explanation of Microbiology and its role in Biology.
Biology,Microbiology,1,What are the ethical considerations related to Microbiology?
Biology,Microbiology,1,Critically evaluate the importance of Microbiology in the study of Biology.
Biology,Microbiology,2,What are the fundamental principles of Microbiology in Biology?
Biology,Microbiology,2,Explain Microbiology with a real-life example.
Biology,Microbiology,2,Discuss the significance of Microbiology in Biology.
Biology,Microbiology,2,How is Microbiology applied in practical scenarios?
Biology,Microbiology,2,Compare and contrast Microbiology with related concepts in Biology.
Biology,Microbiology,2,Describe a case study related to Microbiology in Biology.
Biology,Microbiology,2,Explain the historical development of Microbiology in Biology.
Biology,Microbiology,2,"What challenges arise in the study of Microbiology, and how can they be addressed?"
Biology,Microbiology,2,Illustrate Microbiology with an example and explain its key features.
Biology,Microbiology,2,Analyze the impact of Microbiology in modern Biology studies.
Biology,Microbiology,2,Explain how Microbiology affects other concepts within Biology.
Biology,Microbiology,2,Discuss any recent advancements related to Microbiology.
Biology,Microbiology,2,Provide an in-depth explanation of Microbiology and its role in Biology.
Biology,Microbiology,2,What are the ethical considerations related to Microbiology?
Biology,Microbiology,2,Critically evaluate the importance of Microbiology in the study of Biology.
Biology,Microbiology,3,What are the fundamental principles of Microbiology in Biology?
Biology,Microbiology,3,Explain Microbiology with a real-life example.
Biology,Microbiology,3,Discuss the significance of Microbiology in Biology.
Biology,Microbiology,3,How is Microbiology applied in practical scenarios?
Biology,Microbiology,3,Compare and contrast Microbiology with related concepts in Biology.
Biology,Microbiology,3,Describe a case study related to Microbiology in Biology.
Biology,Microbiology,3,Explain the historical development of Microbiology in Biology.
Biology,Microbiology,3,"What challenges arise in the study of Microbiology, and how can they be addressed?"
Biology,Microbiology,3,Illustrate Microbiology with an example and explain its key features.
Biology,Microbiology,3,Analyze the impact of Microbiology in modern Biology studies.
Biology,Microbiology,3,Explain how Microbiology affects other concepts within Biology.
Biology,Microbiology,3,Discuss any recent advancements related to Microbiology.
Biology,Microbiology,3,Provide an in-depth explanation of Microbiology and its role in Biology.
Biology,Microbiology,3,What are the ethical considerations related to Microbiology?
Biology,Microbiology,3,Critically evaluate the importance of Microbiology in the study of Biology.
Biology,Microbiology,4,What are the fundamental principles of Microbiology in Biology?
Biology,Microbiology,4,Explain Microbiology with a real-life example.
Biology,Microbiology,4,Discuss the significance of Microbiology in Biology.
Biology,Microbiology,4,How is Microbiology applied in practical scenarios?
Biology,Microbiology,4,Compare and contrast Microbiology with related concepts in Biology.
Biology,Microbiology,4,Describe a case study related to Microbiology in Biology.
Biology,Microbiology,4,Explain the historical development of Microbiology in Biology.
Biology,Microbiology,4,"What challenges arise in the study of Microbiology, and how can they be addressed?"
Biology,Microbiology,4,Illustrate Microbiology with an example and explain its key features.
Biology,Microbiology,4,Analyze the impact of Microbiology in modern Biology studies.
Biology,Microbiology,4,Explain how Microbiology affects other concepts within Biology.
Biology,Microbiology,4,Discuss any recent advancements related to Microbiology.
Biology,Microbiology,4,Provide an in-depth explanation of Microbiology and its role in Biology.
Biology,Microbiology,4,What are the ethical considerations related to Microbiology?
Biology,Microbiology,4,Critically evaluate the importance of Microbiology in the study of Biology.
Biology,Botany,1,What are the fundamental principles of Botany in Biology?
Biology,Botany,1,Explain Botany with a real-life example.
Biology,Botany,1,Discuss the significance of Botany in Biology.
Biology,Botany,1,How is Botany applied in practical scenarios?
Biology,Botany,1,Compare and contrast Botany with related concepts in Biology.
Biology,Botany,1,Describe a case study related to Botany in Biology.
Biology,Botany,1,Explain the historical development of Botany in Biology.
Biology,Botany,1,"What challenges arise in the study of Botany, and how can they be addressed?"
Biology,Botany,1,Illustrate Botany with an example and explain its key features.
Biology,Botany,1,Analyze the impact of Botany in modern Biology studies.
Biology,Botany,1,Explain how Botany affects other concepts within Biology.
Biology,Botany,1,Discuss any recent advancements related to Botany.
Biology,Botany,1,Provide an in-depth explanation of Botany and its role in Biology.
Biology,Botany,1,What are the ethical considerations related to Botany?
Biology,Botany,1,Critically evaluate the importance of Botany in the study of Biology.
Biology,Botany,2,What are the fundamental principles of Botany in Biology?
Biology,Botany,2,Explain Botany with a real-life example.
Biology,Botany,2,Discuss the significance of Botany in Biology.
Biology,Botany,2,How is Botany applied in practical scenarios?
Biology,Botany,2,Compare and contrast Botany with related concepts in Biology.
Biology,Botany,2,Describe a case study related to Botany in Biology.
Biology,Botany,2,Explain the historical development of Botany in Biology.
Biology,Botany,2,"What challenges arise in the study of Botany, and how can they be addressed?"
Biology,Botany,2,Illustrate Botany with an example and explain its key features.
Biology,Botany,2,Analyze the impact of Botany in modern Biology studies.
Biology,Botany,2,Explain how Botany affects other concepts within Biology.
Biology,Botany,2,Discuss any recent advancements related to Botany.
Biology,Botany,2,Provide an in-depth explanation of Botany and its role in Biology.
Biology,Botany,2,What are the ethical considerations related to Botany?
Biology,Botany,2,Critically evaluate the importance of Botany in the study of Biology.
Biology,Botany,3,What are the fundamental principles of Botany in Biology?
Biology,Botany,3,Explain Botany with a real-life example.
Biology,Botany,3,Discuss the significance of Botany in Biology.
Biology,Botany,3,How is Botany applied in practical scenarios?
Biology,Botany,3,Compare and contrast Botany with related concepts in Biology.
Biology,Botany,3,Describe a case study related to Botany in Biology.
Biology,Botany,3,Explain the historical development of Botany in Biology.
Biology,Botany,3,"What challenges arise in the study of Botany, and how can they be addressed?"
Biology,Botany,3,Illustrate Botany with an example and explain its key features.
Biology,Botany,3,Analyze the impact of Botany in modern Biology studies.
Biology,Botany,3,Explain how Botany affects other concepts within Biology.
Biology,Botany,3,Discuss any recent advancements related to Botany.
Biology,Botany,3,Provide an in-depth explanation of Botany and its role in Biology.
Biology,Botany,3,What are the ethical considerations related to Botany?
Biology,Botany,3,Critically evaluate the importance of Botany in the study of Biology.
Biology,Botany,4,What are the fundamental principles of Botany in Biology?
Biology,Botany,4,Explain Botany with a real-life example.
Biology,Botany,4,Discuss the significance of Botany in Biology.
Biology,Botany,4,How is Botany applied in practical scenarios?
Biology,Botany,4,Compare and contrast Botany with related concepts in Biology.
Biology,Botany,4,Describe a case study related to Botany in Biology.
Biology,Botany,4,Explain the historical development of Botany in Biology.
Biology,Botany,4,"What challenges arise in the study of Botany, and how can they be addressed?"
Biology,Botany,4,Illustrate Botany with an example and explain its key features.
Biology,Botany,4,Analyze the impact of Botany in modern Biology studies.
Biology,Botany,4,Explain how Botany affects other concepts within Biology.
Biology,Botany,4,Discuss any recent advancements related to Botany.
Biology,Botany,4,Provide an in-depth explanation of Botany and its role in Biology.
Biology,Botany,4,What are the ethical considerations related to Botany?
Biology,Botany,4,Critically evaluate the importance of Botany in the study of Biology.
Biology,Zoology,1,What are the fundamental principles of Zoology in Biology?
Biology,Zoology,1,Explain Zoology with a real-life example.
Biology,Zoology,1,Discuss the significance of Zoology in Biology.
Biology,Zoology,1,How is Zoology applied in practical scenarios?
Biology,Zoology,1,Compare and contrast Zoology with related concepts in Biology.
Biology,Zoology,1,Describe a case study related to Zoology in Biology.
Biology,Zoology,1,Explain the historical development of Zoology in Biology.
Biology,Zoology,1,"What challenges arise in the study of Zoology, and how can they be addressed?"
Biology,Zoology,1,Illustrate Zoology with an example and explain its key features.
Biology,Zoology,1,Analyze the impact of Zoology in modern Biology studies.
Biology,Zoology,1,Explain how Zoology affects other concepts within Biology.
Biology,Zoology,1,Discuss any recent advancements related to Zoology.
Biology,Zoology,1,Provide an in-depth explanation of Zoology and its role in Biology.
Biology,Zoology,1,What are the ethical considerations related to Zoology?
Biology,Zoology,1,Critically evaluate the importance of Zoology in the study of Biology.
Biology,Zoology,2,What are the fundamental principles of Zoology in Biology?
Biology,Zoology,2,Explain Zoology with a real-life example.
Biology,Zoology,2,Discuss the significance of Zoology in Biology.
Biology,Zoology,2,How is Zoology applied in practical scenarios?
Biology,Zoology,2,Compare and contrast Zoology with related concepts in Biology.
Biology,Zoology,2,Describe a case study related to Zoology in Biology.
Biology,Zoology,2,Explain the historical development of Zoology in Biology.
Biology,Zoology,2,"What challenges arise in the study of Zoology, and how can they be addressed?"
Biology,Zoology,2,Illustrate Zoology with an example and explain its key features.
Biology,Zoology,2,Analyze the impact of Zoology in modern Biology studies.
Biology,Zoology,2,Explain how Zoology affects other concepts within Biology.
Biology,Zoology,2,Discuss any recent advancements related to Zoology.
Biology,Zoology,2,Provide an in-depth explanation of Zoology and its role in Biology.
Biology,Zoology,2,What are the ethical considerations related to Zoology?
Biology,Zoology,2,Critically evaluate the importance of Zoology in the study of Biology.
Biology,Zoology,3,What are the fundamental principles of Zoology in Biology?
Biology,Zoology,3,Explain Zoology with a real-life example.
Biology,Zoology,3,Discuss the significance of Zoology in Biology.
Biology,Zoology,3,How is Zoology applied in practical scenarios?
Biology,Zoology,3,Compare and contrast Zoology with related concepts in Biology.
Biology,Zoology,3,Describe a case study related to Zoology in Biology.
Biology,Zoology,3,Explain the historical development of Zoology in Biology.
Biology,Zoology,3,"What challenges arise in the study of Zoology, and how can they be addressed?"
Biology,Zoology,3,Illustrate Zoology with an example and explain its key features.
Biology,Zoology,3,Analyze the impact of Zoology in modern Biology studies.
Biology,Zoology,3,Explain how Zoology affects other concepts within Biology.
Biology,Zoology,3,Discuss any recent advancements related to Zoology.
Biology,Zoology,3,Provide an in-depth explanation of Zoology and its role in Biology.
Biology,Zoology,3,What are the ethical considerations related to Zoology?
Biology,Zoology,3,Critically evaluate the importance of Zoology in the study of Biology.
Biology,Zoology,4,What are the fundamental principles of Zoology in Biology?
Biology,Zoology,4,Explain Zoology with a real-life example.
Biology,Zoology,4,Discuss the significance of Zoology in Biology.
Biology,Zoology,4,How is Zoology applied in practical scenarios?
Biology,Zoology,4,Compare and contrast Zoology with related concepts in Biology.
Biology,Zoology,4,Describe a case study related to Zoology in Biology.
Biology,Zoology,4,Explain the historical development of Zoology in Biology.
Biology,Zoology,4,"What challenges arise in the study of Zoology, and how can they be addressed?"
Biology,Zoology,4,Illustrate Zoology with an example and explain its key features.
Biology,Zoology,4,Analyze the impact of Zoology in modern Biology studies.
Biology,Zoology,4,Explain how Zoology affects other concepts within Biology.
Biology,Zoology,4,Discuss any recent advancements related to Zoology.
Biology,Zoology,4,Provide an in-depth explanation of Zoology and its role in Biology.
Biology,Zoology,4,What are the ethical considerations related to Zoology?
Biology,Zoology,4,Critically evaluate the importance of Zoology in the study of Biology.
English,Grammar,1,What are the fundamental principles of Grammar in English?
English,Grammar,1,Explain Grammar with a real-life example.
English,Grammar,1,Discuss the significance of Grammar in English.
English,Grammar,1,How is Grammar applied in practical scenarios?
English,Grammar,1,Compare and contrast Grammar with related concepts in English.
English,Grammar,1,Describe a case study related to Grammar in English.
English,Grammar,1,Explain the historical development of Grammar in English.
English,Grammar,1,"What challenges arise in the study of Grammar, and how can they be addressed?"
English,Grammar,1,Illustrate Grammar with an example and explain its key features.
English,Grammar,1,Analyze the impact of Grammar in modern English studies.
English,Grammar,1,Explain how Grammar affects other concepts within English.
English,Grammar,1,Discuss any recent advancements related to Grammar.
English,Grammar,1,Provide an in-depth explanation of Grammar and its role in English.
English,Grammar,1,What are the ethical considerations related to Grammar?
English,Grammar,1,Critically evaluate the importance of Grammar in the study of English.
English,Grammar,2,What are the fundamental principles of Grammar in English?
English,Grammar,2,Explain Grammar with a real-life example.
English,Grammar,2,Discuss the significance of Grammar in English.
English,Grammar,2,How is Grammar applied in practical scenarios?
English,Grammar,2,Compare and contrast Grammar with related concepts in English.
English,Grammar,2,Describe a case study related to Grammar in English.
English,Grammar,2,Explain the historical development of Grammar in English.
English,Grammar,2,"What challenges arise in the study of Grammar, and how can they be addressed?"
English,Grammar,2,Illustrate Grammar with an example and explain its key features.
English,Grammar,2,Analyze the impact of Grammar in modern English studies.
English,Grammar,2,Explain how Grammar affects other concepts within English.
English,Grammar,2,Discuss any recent advancements related to Grammar.
English,Grammar,2,Provide an in-depth explanation of Grammar and its role in English.
English,Grammar,2,What are the ethical considerations related to Grammar?
English,Grammar,2,Critically evaluate the importance of Grammar in the study of English.
English,Grammar,3,What are the fundamental principles of Grammar in English?
English,Grammar,3,Explain Grammar with a real-life example.
English,Grammar,3,Discuss the significance of Grammar in English.
English,Grammar,3,How is Grammar applied in practical scenarios?
English,Grammar,3,Compare and contrast Grammar with related concepts in English.
English,Grammar,3,Describe a case study related to Grammar in English.
English,Grammar,3,Explain the historical development of Grammar in English.
English,Grammar,3,"What challenges arise in the study of Grammar, and how can they be addressed?"
English,Grammar,3,Illustrate Grammar with an example and explain its key features.
English,Grammar,3,Analyze the impact of Grammar in modern English studies.
English,Grammar,3,Explain how Grammar affects other concepts within English.
English,Grammar,3,Discuss any recent advancements related to Grammar.
English,Grammar,3,Provide an in-depth explanation of Grammar and its role in English.
English,Grammar,3,What are the ethical considerations related to Grammar?
English,Grammar,3,Critically evaluate the importance of Grammar in the study of English.
English,Grammar,4,What are the fundamental principles of Grammar in English?
English,Grammar,4,Explain Grammar with a real-life example.
English,Grammar,4,Discuss the significance of Grammar in English.
English,Grammar,4,How is Grammar applied in practical scenarios?
English,Grammar,4,Compare and contrast Grammar with related concepts in English.
English,Grammar,4,Describe a case study related to Grammar in English.
English,Grammar,4,Explain the historical development of Grammar in English.
English,Grammar,4,"What challenges arise in the study of Grammar, and how can they be addressed?"
English,Grammar,4,Illustrate Grammar with an example and explain its key features.
English,Grammar,4,Analyze the impact of Grammar in modern English studies.
English,Grammar,4,Explain how Grammar affects other concepts within English.
English,Grammar,4,Discuss any recent advancements related to Grammar.
English,Grammar,4,Provide an in-depth explanation of Grammar and its role in English.
English,Grammar,4,What are the ethical considerations related to Grammar?
English,Grammar,4,Critically evaluate the importance of Grammar in the study of English.
English,Literature,1,What are the fundamental principles of Literature in English?
English,Literature,1,Explain Literature with a real-life example.
English,Literature,1,Discuss the significance of Literature in English.
English,Literature,1,How is Literature applied in practical scenarios?
English,Literature,1,Compare and contrast Literature with related concepts in English.
English,Literature,1,Describe a case study related to Literature in English.
English,Literature,1,Explain the historical development of Literature in English.
English,Literature,1,"What challenges arise in the study of Literature, and how can they be addressed?"
English,Literature,1,Illustrate Literature with an example and explain its key features.
English,Literature,1,Analyze the impact of Literature in modern English studies.
English,Literature,1,Explain how Literature affects other concepts within English.
English,Literature,1,Discuss any recent advancements related to Literature.
English,Literature,1,Provide an in-depth explanation of Literature and its role in English.
English,Literature,1,What are the ethical considerations related to Literature?
English,Literature,1,Critically evaluate the importance of Literature in the study of English.
English,Literature,2,What are the fundamental principles of Literature in English?
English,Literature,2,Explain Literature with a real-life example.
English,Literature,2,Discuss the significance of Literature in English.
English,Literature,2,How is Literature applied in practical scenarios?
English,Literature,2,Compare and contrast Literature with related concepts in English.
English,Literature,2,Describe a case study related to Literature in English.
English,Literature,2,Explain the historical development of Literature in English.
English,Literature,2,"What challenges arise in the study of Literature, and how can they be addressed?"
English,Literature,2,Illustrate Literature with an example and explain its key features.
English,Literature,2,Analyze the impact of Literature in modern English studies.
English,Literature,2,Explain how Literature affects other concepts within English.
English,Literature,2,Discuss any recent advancements related to Literature.
English,Literature,2,Provide an in-depth explanation of Literature and its role in English.
English,Literature,2,What are the ethical considerations related to Literature?
English,Literature,2,Critically evaluate the importance of Literature in the study of English.
English,Literature,3,What are the fundamental principles of Literature in English?
English,Literature,3,Explain Literature with a real-life example.
English,Literature,3,Discuss the significance of Literature in English.
English,Literature,3,How is Literature applied in practical scenarios?
English,Literature,3,Compare and contrast Literature with related concepts in English.
English,Literature,3,Describe a case study related to Literature in English.
English,Literature,3,Explain the historical development of Literature in English.
English,Literature,3,"What challenges arise in the study of Literature, and how can they be addressed?"
English,Literature,3,Illustrate Literature with an example and explain its key features.
English,Literature,3,Analyze the impact of Literature in modern English studies.
English,Literature,3,Explain how Literature affects other concepts within English.
English,Literature,3,Discuss any recent advancements related to Literature.
English,Literature,3,Provide an in-depth explanation of Literature and its role in English.
English,Literature,3,What are the ethical considerations related to Literature?
English,Literature,3,Critically evaluate the importance of Literature in the study of English.
English,Literature,4,What are the fundamental principles of Literature in English?
English,Literature,4,Explain Literature with a real-life example.
English,Literature,4,Discuss the significance of Literature in English.
English,Literature,4,How is Literature applied in practical scenarios?
English,Literature,4,Compare and contrast Literature with related concepts in English.
English,Literature,4,Describe a case study related to Literature in English.
English,Literature,4,Explain the historical development of Literature in English.
English,Literature,4,"What challenges arise in the study of Literature, and how can they be addressed?"
English,Literature,4,Illustrate Literature with an example and explain its key features.
English,Literature,4,Analyze the impact of Literature in modern English studies.
English,Literature,4,Explain how Literature affects other concepts within English.
English,Literature,4,Discuss any recent advancements related to Literature.
English,Literature,4,Provide an in-depth explanation of Literature and its role in English.
English,Literature,4,What are the ethical considerations related to Literature?
English,Literature,4,Critically evaluate the importance of Literature in the study of English.
English,Writing Skills,1,What are the fundamental principles of Writing Skills in English?
English,Writing Skills,1,Explain Writing Skills with a real-life example.
English,Writing Skills,1,Discuss the significance of Writing Skills in English.
English,Writing Skills,1,How is Writing Skills applied in practical scenarios?
English,Writing Skills,1,Compare and contrast Writing Skills with related concepts in English.
English,Writing Skills,1,Describe a case study related to Writing Skills in English.
English,Writing Skills,1,Explain the historical development of Writing Skills in English.
English,Writing Skills,1,"What challenges arise in the study of Writing Skills, and how can they be addressed?"
English,Writing Skills,1,Illustrate Writing Skills with an example and explain its key features.
English,Writing Skills,1,Analyze the impact of Writing Skills in modern English studies.
English,Writing Skills,1,Explain how Writing Skills affects other concepts within English.
English,Writing Skills,1,Discuss any recent advancements related to Writing Skills.
English,Writing Skills,1,Provide an in-depth explanation of Writing Skills and its role in English.
English,Writing Skills,1,What are the ethical considerations related to Writing Skills?
English,Writing Skills,1,Critically evaluate the importance of Writing Skills in the study of English.
English,Writing Skills,2,What are the fundamental principles of Writing Skills in English?
English,Writing Skills,2,Explain Writing Skills with a real-life example.
English,Writing Skills,2,Discuss the significance of Writing Skills in English.
English,Writing Skills,2,How is Writing Skills applied in practical scenarios?
English,Writing Skills,2,Compare and contrast Writing Skills with related concepts in English.
English,Writing Skills,2,Describe a case study related to Writing Skills in English.
English,Writing Skills,2,Explain the historical development of Writing Skills in English.
English,Writing Skills,2,"What challenges arise in the study of Writing Skills, and how can they be addressed?"
English,Writing Skills,2,Illustrate Writing Skills with an example and explain its key features.
English,Writing Skills,2,Analyze the impact of Writing Skills in modern English studies.
English,Writing Skills,2,Explain how Writing Skills affects other concepts within English.
English,Writing Skills,2,Discuss any recent advancements related to Writing Skills.
English,Writing Skills,2,Provide an in-depth explanation of Writing Skills and its role in English.
English,Writing Skills,2,What are the ethical considerations related to Writing Skills?
English,Writing Skills,2,Critically evaluate the importance of Writing Skills in the study of English.
English,Writing Skills,3,What are the fundamental principles of Writing Skills in English?
English,Writing Skills,3,Explain Writing Skills with a real-life example.
English,Writing Skills,3,Discuss the significance of Writing Skills in English.
English,Writing Skills,3,How is Writing Skills applied in practical scenarios?
English,Writing Skills,3,Compare and contrast Writing Skills with related concepts in English.
English,Writing Skills,3,Describe a case study related to Writing Skills in English.
English,Writing Skills,3,Explain the historical development of Writing Skills in English.
English,Writing Skills,3,"What challenges arise in the study of Writing Skills, and how can they be addressed?"
English,Writing Skills,3,Illustrate Writing Skills with an example and explain its key features.
English,Writing Skills,3,Analyze the impact of Writing Skills in modern English studies.
English,Writing Skills,3,Explain how Writing Skills affects other concepts within English.
English,Writing Skills,3,Discuss any recent advancements related to Writing Skills.
English,Writing Skills,3,Provide an in-depth explanation of Writing Skills and its role in English.
English,Writing Skills,3,What are the ethical considerations related to Writing Skills?
English,Writing Skills,3,Critically evaluate the importance of Writing Skills in the study of English.
English,Writing Skills,4,What are the fundamental principles of Writing Skills in English?
English,Writing Skills,4,Explain Writing Skills with a real-life example.
English,Writing Skills,4,Discuss the significance of Writing Skills in English.
English,Writing Skills,4,How is Writing Skills applied in practical scenarios?
English,Writing Skills,4,Compare and contrast Writing Skills with related concepts in English.
English,Writing Skills,4,Describe a case study related to Writing Skills in English.
English,Writing Skills,4,Explain the historical development of Writing Skills in English.
English,Writing Skills,4,"What challenges arise in the study of Writing Skills, and how can they be addressed?"
English,Writing Skills,4,Illustrate Writing Skills with an example and explain its key features.
English,Writing Skills,4,Analyze the impact of Writing Skills in modern English studies.
English,Writing Skills,4,Explain how Writing Skills affects other concepts within English.
English,Writing Skills,4,Discuss any recent advancements related to Writing Skills.
English,Writing Skills,4,Provide an in-depth explanation of Writing Skills and its role in English.
English,Writing Skills,4,What are the ethical considerations related to Writing Skills?
English,Writing Skills,4,Critically evaluate the importance of Writing Skills in the study of English.
English,Poetry Analysis,1,What are the fundamental principles of Poetry Analysis in English?
English,Poetry Analysis,1,Explain Poetry Analysis with a real-life example.
English,Poetry Analysis,1,Discuss the significance of Poetry Analysis in English.
English,Poetry Analysis,1,How is Poetry Analysis applied in practical scenarios?
English,Poetry Analysis,1,Compare and contrast Poetry Analysis with related concepts in English.
English,Poetry Analysis,1,Describe a case study related to Poetry Analysis in English.
English,Poetry Analysis,1,Explain the historical development of Poetry Analysis in English.
English,Poetry Analysis,1,"What challenges arise in the study of Poetry Analysis, and how can they be addressed?"
English,Poetry Analysis,1,Illustrate Poetry Analysis with an example and explain its key features.
English,Poetry Analysis,1,Analyze the impact of Poetry Analysis in modern English studies.
English,Poetry Analysis,1,Explain how Poetry Analysis affects other concepts within English.
English,Poetry Analysis,1,Discuss any recent advancements related to Poetry Analysis.
English,Poetry Analysis,1,Provide an in-depth explanation of Poetry Analysis and its role in English.
English,Poetry Analysis,1,What are the ethical considerations related to Poetry Analysis?
English,Poetry Analysis,1,Critically evaluate the importance of Poetry Analysis in the study of English.
English,Poetry Analysis,2,What are the fundamental principles of Poetry Analysis in English?
English,Poetry Analysis,2,Explain Poetry Analysis with a real-life example.
English,Poetry Analysis,2,Discuss the significance of Poetry Analysis in English.
English,Poetry Analysis,2,How is Poetry Analysis applied in practical scenarios?
English,Poetry Analysis,2,Compare and contrast Poetry Analysis with related concepts in English.
English,Poetry Analysis,2,Describe a case study related to Poetry Analysis in English.
English,Poetry Analysis,2,Explain the historical development of Poetry Analysis in English.
English,Poetry Analysis,2,"What challenges arise in the study of Poetry Analysis, and how can they be addressed?"
English,Poetry Analysis,2,Illustrate Poetry Analysis with an example and explain its key features.
English,Poetry Analysis,2,Analyze the impact of Poetry Analysis in modern English studies.
English,Poetry Analysis,2,Explain how Poetry Analysis affects other concepts within English.
English,Poetry Analysis,2,Discuss any recent advancements related to Poetry Analysis.
English,Poetry Analysis,2,Provide an in-depth explanation of Poetry Analysis and its role in English.
English,Poetry Analysis,2,What are the ethical considerations related to Poetry Analysis?
English,Poetry Analysis,2,Critically evaluate the importance of Poetry Analysis in the study of English.
English,Poetry Analysis,3,What are the fundamental principles of Poetry Analysis in English?
English,Poetry Analysis,3,Explain Poetry Analysis with a real-life example.
English,Poetry Analysis,3,Discuss the significance of Poetry Analysis in English.
English,Poetry Analysis,3,How is Poetry Analysis applied in practical scenarios?
English,Poetry Analysis,3,Compare and contrast Poetry Analysis with related concepts in English.
English,Poetry Analysis,3,Describe a case study related to Poetry Analysis in English.
English,Poetry Analysis,3,Explain the historical development of Poetry Analysis in English.
English,Poetry Analysis,3,"What challenges arise in the study of Poetry Analysis, and how can they be addressed?"
English,Poetry Analysis,3,Illustrate Poetry Analysis with an example and explain its key features.
English,Poetry Analysis,3,Analyze the impact of Poetry Analysis in modern English studies.
English,Poetry Analysis,3,Explain how Poetry Analysis affects other concepts within English.
English,Poetry Analysis,3,Discuss any recent advancements related to Poetry Analysis.
English,Poetry Analysis,3,Provide an in-depth explanation of Poetry Analysis and its role in English.
English,Poetry Analysis,3,What are the ethical considerations related to Poetry Analysis?
English,Poetry Analysis,3,Critically evaluate the importance of Poetry Analysis in the study of English.
English,Poetry Analysis,4,What are the fundamental principles of Poetry Analysis in English?
English,Poetry Analysis,4,Explain Poetry Analysis with a real-life example.
English,Poetry Analysis,4,Discuss the significance of Poetry Analysis in English.
English,Poetry Analysis,4,How is Poetry Analysis applied in practical scenarios?
English,Poetry Analysis,4,Compare and contrast Poetry Analysis with related concepts in English.
English,Poetry Analysis,4,Describe a case study related to Poetry Analysis in English.
English,Poetry Analysis,4,Explain the historical development of Poetry Analysis in English.
English,Poetry Analysis,4,"What challenges arise in the study of Poetry Analysis, and how can they be addressed?"
English,Poetry Analysis,4,Illustrate Poetry Analysis with an example and explain its key features.
English,Poetry Analysis,4,Analyze the impact of Poetry Analysis in modern English studies.
English,Poetry Analysis,4,Explain how Poetry Analysis affects other concepts within English.
English,Poetry Analysis,4,Discuss any recent advancements related to Poetry Analysis.
English,Poetry Analysis,4,Provide an in-depth explanation of Poetry Analysis and its role in English.
English,Poetry Analysis,4,What are the ethical considerations related to Poetry Analysis?
English,Poetry Analysis,4,Critically evaluate the importance of Poetry Analysis in the study of English.
English,Reading Comprehension,1,What are the fundamental principles of Reading Comprehension in English?
English,Reading Comprehension,1,Explain Reading Comprehension with a real-life example.
English,Reading Comprehension,1,Discuss the significance of Reading Comprehension in English.
English,Reading Comprehension,1,How is Reading Comprehension applied in practical scenarios?
English,Reading Comprehension,1,Compare and contrast Reading Comprehension with related concepts in English.
English,Reading Comprehension,1,Describe a case study related to Reading Comprehension in English.
English,Reading Comprehension,1,Explain the historical development of Reading Comprehension in English.
English,Reading Comprehension,1,"What challenges arise in the study of Reading Comprehension, and how can they be addressed?"
English,Reading Comprehension,1,Illustrate Reading Comprehension with an example and explain its key features.
English,Reading Comprehension,1,Analyze the impact of Reading Comprehension in modern English studies.
English,Reading Comprehension,1,Explain how Reading Comprehension affects other concepts within English.
English,Reading Comprehension,1,Discuss any recent advancements related to Reading Comprehension.
English,Reading Comprehension,1,Provide an in-depth explanation of Reading Comprehension and its role in English.
English,Reading Comprehension,1,What are the ethical considerations related to Reading Comprehension?
English,Reading Comprehension,1,Critically evaluate the importance of Reading Comprehension in the study of English.
English,Reading Comprehension,2,What are the fundamental principles of Reading Comprehension in English?
English,Reading Comprehension,2,Explain Reading Comprehension with a real-life example.
English,Reading Comprehension,2,Discuss the significance of Reading Comprehension in English.
English,Reading Comprehension,2,How is Reading Comprehension applied in practical scenarios?
English,Reading Comprehension,2,Compare and contrast Reading Comprehension with related concepts in English.
English,Reading Comprehension,2,Describe a case study related to Reading Comprehension in English.
English,Reading Comprehension,2,Explain the historical development of Reading Comprehension in English.
English,Reading Comprehension,2,"What challenges arise in the study of Reading Comprehension, and how can they be addressed?"
English,Reading Comprehension,2,Illustrate Reading Comprehension with an example and explain its key features.
English,Reading Comprehension,2,Analyze the impact of Reading Comprehension in modern English studies.
English,Reading Comprehension,2,Explain how Reading Comprehension affects other concepts within English.
English,Reading Comprehension,2,Discuss any recent advancements related to Reading Comprehension.
English,Reading Comprehension,2,Provide an in-depth explanation of Reading Comprehension and its role in English.
English,Reading Comprehension,2,What are the ethical considerations related to Reading Comprehension?
English,Reading Comprehension,2,Critically evaluate the importance of Reading Comprehension in the study of English.
English,Reading Comprehension,3,What are the fundamental principles of Reading Comprehension in English?
English,Reading Comprehension,3,Explain Reading Comprehension with a real-life example.
English,Reading Comprehension,3,Discuss the significance of Reading Comprehension in English.
English,Reading Comprehension,3,How is Reading Comprehension applied in practical scenarios?
English,Reading Comprehension,3,Compare and contrast Reading Comprehension with related concepts in English.
English,Reading Comprehension,3,Describe a case study related to Reading Comprehension in English.
English,Reading Comprehension,3,Explain the historical development of Reading Comprehension in English.
English,Reading Comprehension,3,"What challenges arise in the study of Reading Comprehension, and how can they be addressed?"
English,Reading Comprehension,3,Illustrate Reading Comprehension with an example and explain its key features.
English,Reading Comprehension,3,Analyze the impact of Reading Comprehension in modern English studies.
English,Reading Comprehension,3,Explain how Reading Comprehension affects other concepts within English.
English,Reading Comprehension,3,Discuss any recent advancements related to Reading Comprehension.
English,Reading Comprehension,3,Provide an in-depth explanation of Reading Comprehension and its role in English.
English,Reading Comprehension,3,What are the ethical considerations related to Reading Comprehension?
English,Reading Comprehension,3,Critically evaluate the importance of Reading Comprehension in the study of English.
English,Reading Comprehension,4,What are the fundamental principles of Reading Comprehension in English?
English,Reading Comprehension,4,Explain Reading Comprehension with a real-life example.
English,Reading Comprehension,4,Discuss the significance of Reading Comprehension in English.
English,Reading Comprehension,4,How is Reading Comprehension applied in practical scenarios?
English,Reading Comprehension,4,Compare and contrast Reading Comprehension with related concepts in English.
English,Reading Comprehension,4,Describe a case study related to Reading Comprehension in English.
English,Reading Comprehension,4,Explain the historical development of Reading Comprehension in English.
English,Reading Comprehension,4,"What challenges arise in the study of Reading Comprehension, and how can they be addressed?"
English,Reading Comprehension,4,Illustrate Reading Comprehension with an example and explain its key features.
English,Reading Comprehension,4,Analyze the impact of Reading Comprehension in modern English studies.
English,Reading Comprehension,4,Explain how Reading Comprehension affects other concepts within English.
English,Reading Comprehension,4,Discuss any recent advancements related to Reading Comprehension.
English,Reading Comprehension,4,Provide an in-depth explanation of Reading Comprehension and its role in English.
English,Reading Comprehension,4,What are the ethical considerations related to Reading Comprehension?
English,Reading Comprehension,4,Critically evaluate the importance of Reading Comprehension in the study of English.
English,Vocabulary,1,What are the fundamental principles of Vocabulary in English?
English,Vocabulary,1,Explain Vocabulary with a real-life example.
English,Vocabulary,1,Discuss the significance of Vocabulary in English.
English,Vocabulary,1,How is Vocabulary applied in practical scenarios?
English,Vocabulary,1,Compare and contrast Vocabulary with related concepts in English.
English,Vocabulary,1,Describe a case study related to Vocabulary in English.
English,Vocabulary,1,Explain the historical development of Vocabulary in English.
English,Vocabulary,1,"What challenges arise in the study of Vocabulary, and how can they be addressed?"
English,Vocabulary,1,Illustrate Vocabulary with an example and explain its key features.
English,Vocabulary,1,Analyze the impact of Vocabulary in modern English studies.
English,Vocabulary,1,Explain how Vocabulary affects other concepts within English.
English,Vocabulary,1,Discuss any recent advancements related to Vocabulary.
English,Vocabulary,1,Provide an in-depth explanation of Vocabulary and its role in English.
English,Vocabulary,1,What are the ethical considerations related to Vocabulary?
English,Vocabulary,1,Critically evaluate the importance of Vocabulary in the study of English.
English,Vocabulary,2,What are the fundamental principles of Vocabulary in English?
English,Vocabulary,2,Explain Vocabulary with a real-life example.
English,Vocabulary,2,Discuss the significance of Vocabulary in English.
English,Vocabulary,2,How is Vocabulary applied in practical scenarios?
English,Vocabulary,2,Compare and contrast Vocabulary with related concepts in English.
English,Vocabulary,2,Describe a case study related to Vocabulary in English.
English,Vocabulary,2,Explain the historical development of Vocabulary in English.
English,Vocabulary,2,"What challenges arise in the study of Vocabulary, and how can they be addressed?"
English,Vocabulary,2,Illustrate Vocabulary with an example and explain its key features.
English,Vocabulary,2,Analyze the impact of Vocabulary in modern English studies.
English,Vocabulary,2,Explain how Vocabulary affects other concepts within English.
English,Vocabulary,2,Discuss any recent advancements related to Vocabulary.
English,Vocabulary,2,Provide an in-depth explanation of Vocabulary and its role in English.
English,Vocabulary,2,What are the ethical considerations related to Vocabulary?
English,Vocabulary,2,Critically evaluate the importance of Vocabulary in the study of English.
English,Vocabulary,3,What are the fundamental principles of Vocabulary in English?
English,Vocabulary,3,Explain Vocabulary with a real-life example.
English,Vocabulary,3,Discuss the significance of Vocabulary in English.
English,Vocabulary,3,How is Vocabulary applied in practical scenarios?
English,Vocabulary,3,Compare and contrast Vocabulary with related concepts in English.
English,Vocabulary,3,Describe a case study related to Vocabulary in English.
English,Vocabulary,3,Explain the historical development of Vocabulary in English.
English,Vocabulary,3,"What challenges arise in the study of Vocabulary, and how can they be addressed?"
English,Vocabulary,3,Illustrate Vocabulary with an example and explain its key features.
English,Vocabulary,3,Analyze the impact of Vocabulary in modern English studies.
English,Vocabulary,3,Explain how Vocabulary affects other concepts within English.
English,Vocabulary,3,Discuss any recent advancements related to Vocabulary.
English,Vocabulary,3,Provide an in-depth explanation of Vocabulary and its role in English.
English,Vocabulary,3,What are the ethical considerations related to Vocabulary?
English,Vocabulary,3,Critically evaluate the importance of Vocabulary in the study of English.
English,Vocabulary,4,What are the fundamental principles of Vocabulary in English?
English,Vocabulary,4,Explain Vocabulary with a real-life example.
English,Vocabulary,4,Discuss the significance of Vocabulary in English.
English,Vocabulary,4,How is Vocabulary applied in practical scenarios?
English,Vocabulary,4,Compare and contrast Vocabulary with related concepts in English.
English,Vocabulary,4,Describe a case study related to Vocabulary in English.
English,Vocabulary,4,Explain the historical development of Vocabulary in English.
English,Vocabulary,4,"What challenges arise in the study of Vocabulary, and how can they be addressed?"
English,Vocabulary,4,Illustrate Vocabulary with an example and explain its key features.
English,Vocabulary,4,Analyze the impact of Vocabulary in modern English studies.
English,Vocabulary,4,Explain how Vocabulary affects other concepts within English.
English,Vocabulary,4,Discuss any recent advancements related to Vocabulary.
English,Vocabulary,4,Provide an in-depth explanation of Vocabulary and its role in English.
English,Vocabulary,4,What are the ethical considerations related to Vocabulary?
English,Vocabulary,4,Critically evaluate the importance of Vocabulary in the study of English.
English,Essay Writing,1,What are the fundamental principles of Essay Writing in English?
English,Essay Writing,1,Explain Essay Writing with a real-life example.
English,Essay Writing,1,Discuss the significance of Essay Writing in English.
English,Essay Writing,1,How is Essay Writing applied in practical scenarios?
English,Essay Writing,1,Compare and contrast Essay Writing with related concepts in English.
English,Essay Writing,1,Describe a case study related to Essay Writing in English.
English,Essay Writing,1,Explain the historical development of Essay Writing in English.
English,Essay Writing,1,"What challenges arise in the study of Essay Writing, and how can they be addressed?"
English,Essay Writing,1,Illustrate Essay Writing with an example and explain its key features.
English,Essay Writing,1,Analyze the impact of Essay Writing in modern English studies.
English,Essay Writing,1,Explain how Essay Writing affects other concepts within English.
English,Essay Writing,1,Discuss any recent advancements related to Essay Writing.
English,Essay Writing,1,Provide an in-depth explanation of Essay Writing and its role in English.
English,Essay Writing,1,What are the ethical considerations related to Essay Writing?
English,Essay Writing,1,Critically evaluate the importance of Essay Writing in the study of English.
English,Essay Writing,2,What are the fundamental principles of Essay Writing in English?
English,Essay Writing,2,Explain Essay Writing with a real-life example.
English,Essay Writing,2,Discuss the significance of Essay Writing in English.
English,Essay Writing,2,How is Essay Writing applied in practical scenarios?
English,Essay Writing,2,Compare and contrast Essay Writing with related concepts in English.
English,Essay Writing,2,Describe a case study related to Essay Writing in English.
English,Essay Writing,2,Explain the historical development of Essay Writing in English.
English,Essay Writing,2,"What challenges arise in the study of Essay Writing, and how can they be addressed?"
English,Essay Writing,2,Illustrate Essay Writing with an example and explain its key features.
English,Essay Writing,2,Analyze the impact of Essay Writing in modern English studies.
English,Essay Writing,2,Explain how Essay Writing affects other concepts within English.
English,Essay Writing,2,Discuss any recent advancements related to Essay Writing.
English,Essay Writing,2,Provide an in-depth explanation of Essay Writing and its role in English.
English,Essay Writing,2,What are the ethical considerations related to Essay Writing?
English,Essay Writing,2,Critically evaluate the importance of Essay Writing in the study of English.
English,Essay Writing,3,What are the fundamental principles of Essay Writing in English?
English,Essay Writing,3,Explain Essay Writing with a real-life example.
English,Essay Writing,3,Discuss the significance of Essay Writing in English.
English,Essay Writing,3,How is Essay Writing applied in practical scenarios?
English,Essay Writing,3,Compare and contrast Essay Writing with related concepts in English.
English,Essay Writing,3,Describe a case study related to Essay Writing in English.
English,Essay Writing,3,Explain the historical development of Essay Writing in English.
English,Essay Writing,3,"What challenges arise in the study of Essay Writing, and how can they be addressed?"
English,Essay Writing,3,Illustrate Essay Writing with an example and explain its key features.
English,Essay Writing,3,Analyze the impact of Essay Writing in modern English studies.
English,Essay Writing,3,Explain how Essay Writing affects other concepts within English.
English,Essay Writing,3,Discuss any recent advancements related to Essay Writing.
English,Essay Writing,3,Provide an in-depth explanation of Essay Writing and its role in English.
English,Essay Writing,3,What are the ethical considerations related to Essay Writing?
English,Essay Writing,3,Critically evaluate the importance of Essay Writing in the study of English.
English,Essay Writing,4,What are the fundamental principles of Essay Writing in English?
English,Essay Writing,4,Explain Essay Writing with a real-life example.
English,Essay Writing,4,Discuss the significance of Essay Writing in English.
English,Essay Writing,4,How is Essay Writing applied in practical scenarios?
English,Essay Writing,4,Compare and contrast Essay Writing with related concepts in English.
English,Essay Writing,4,Describe a case study related to Essay Writing in English.
English,Essay Writing,4,Explain the historical development of Essay Writing in English.
English,Essay Writing,4,"What challenges arise in the study of Essay Writing, and how can they be addressed?"
English,Essay Writing,4,Illustrate Essay Writing with an example and explain its key features.
English,Essay Writing,4,Analyze the impact of Essay Writing in modern English studies.
English,Essay Writing,4,Explain how Essay Writing affects other concepts within English.
English,Essay Writing,4,Discuss any recent advancements related to Essay Writing.
English,Essay Writing,4,Provide an in-depth explanation of Essay Writing and its role in English.
English,Essay Writing,4,What are the ethical considerations related to Essay Writing?
English,Essay Writing,4,Critically evaluate the importance of Essay Writing in the study of English.
English,Drama Analysis,1,What are the fundamental principles of Drama Analysis in English?
English,Drama Analysis,1,Explain Drama Analysis with a real-life example.
English,Drama Analysis,1,Discuss the significance of Drama Analysis in English.
English,Drama Analysis,1,How is Drama Analysis applied in practical scenarios?
English,Drama Analysis,1,Compare and contrast Drama Analysis with related concepts in English.
English,Drama Analysis,1,Describe a case study related to Drama Analysis in English.
English,Drama Analysis,1,Explain the historical development of Drama Analysis in English.
English,Drama Analysis,1,"What challenges arise in the study of Drama Analysis, and how can they be addressed?"
English,Drama Analysis,1,Illustrate Drama Analysis with an example and explain its key features.
English,Drama Analysis,1,Analyze the impact of Drama Analysis in modern English studies.
English,Drama Analysis,1,Explain how Drama Analysis affects other concepts within English.
English,Drama Analysis,1,Discuss any recent advancements related to Drama Analysis.
English,Drama Analysis,1,Provide an in-depth explanation of Drama Analysis and its role in English.
English,Drama Analysis,1,What are the ethical considerations related to Drama Analysis?
English,Drama Analysis,1,Critically evaluate the importance of Drama Analysis in the study of English.
English,Drama Analysis,2,What are the fundamental principles of Drama Analysis in English?
English,Drama Analysis,2,Explain Drama Analysis with a real-life example.
English,Drama Analysis,2,Discuss the significance of Drama Analysis in English.
English,Drama Analysis,2,How is Drama Analysis applied in practical scenarios?
English,Drama Analysis,2,Compare and contrast Drama Analysis with related concepts in English.
English,Drama Analysis,2,Describe a case study related to Drama Analysis in English.
English,Drama Analysis,2,Explain the historical development of Drama Analysis in English.
English,Drama Analysis,2,"What challenges arise in the study of Drama Analysis, and how can they be addressed?"
English,Drama Analysis,2,Illustrate Drama Analysis with an example and explain its key features.
English,Drama Analysis,2,Analyze the impact of Drama Analysis in modern English studies.
English,Drama Analysis,2,Explain how Drama Analysis affects other concepts within English.
English,Drama Analysis,2,Discuss any recent advancements related to Drama Analysis.
English,Drama Analysis,2,Provide an in-depth explanation of Drama Analysis and its role in English.
English,Drama Analysis,2,What are the ethical considerations related to Drama Analysis?
English,Drama Analysis,2,Critically evaluate the importance of Drama Analysis in the study of English.
English,Drama Analysis,3,What are the fundamental principles of Drama Analysis in English?
English,Drama Analysis,3,Explain Drama Analysis with a real-life example.
English,Drama Analysis,3,Discuss the significance of Drama Analysis in English.
English,Drama Analysis,3,How is Drama Analysis applied in practical scenarios?
English,Drama Analysis,3,Compare and contrast Drama Analysis with related concepts in English.
English,Drama Analysis,3,Describe a case study related to Drama Analysis in English.
English,Drama Analysis,3,Explain the historical development of Drama Analysis in English.
English,Drama Analysis,3,"What challenges arise in the study of Drama Analysis, and how can they be addressed?"
English,Drama Analysis,3,Illustrate Drama Analysis with an example and explain its key features.
English,Drama Analysis,3,Analyze the impact of Drama Analysis in modern English studies.
English,Drama Analysis,3,Explain how Drama Analysis affects other concepts within English.
English,Drama Analysis,3,Discuss any recent advancements related to Drama Analysis.
English,Drama Analysis,3,Provide an in-depth explanation of Drama Analysis and its role in English.
English,Drama Analysis,3,What are the ethical considerations related to Drama Analysis?
English,Drama Analysis,3,Critically evaluate the importance of Drama Analysis in the study of English.
English,Drama Analysis,4,What are the fundamental principles of Drama Analysis in English?
English,Drama Analysis,4,Explain Drama Analysis with a real-life example.
English,Drama Analysis,4,Discuss the significance of Drama Analysis in English.
English,Drama Analysis,4,How is Drama Analysis applied in practical scenarios?
English,Drama Analysis,4,Compare and contrast Drama Analysis with related concepts in English.
English,Drama Analysis,4,Describe a case study related to Drama Analysis in English.
English,Drama Analysis,4,Explain the historical development of Drama Analysis in English.
English,Drama Analysis,4,"What challenges arise in the study of Drama Analysis, and how can they be addressed?"
English,Drama Analysis,4,Illustrate Drama Analysis with an example and explain its key features.
English,Drama Analysis,4,Analyze the impact of Drama Analysis in modern English studies.
English,Drama Analysis,4,Explain how Drama Analysis affects other concepts within English.
English,Drama Analysis,4,Discuss any recent advancements related to Drama Analysis.
English,Drama Analysis,4,Provide an in-depth explanation of Drama Analysis and its role in English.
English,Drama Analysis,4,What are the ethical considerations related to Drama Analysis?
English,Drama Analysis,4,Critically evaluate the importance of Drama Analysis in the study of English.
Information Technology,Programming Basics,1,What are the fundamental principles of Programming Basics in Information Technology?
Information Technology,Programming Basics,1,Explain Programming Basics with a real-life example.
Information Technology,Programming Basics,1,Discuss the significance of Programming Basics in Information Technology.
Information Technology,Programming Basics,1,How is Programming Basics applied in practical scenarios?
Information Technology,Programming Basics,1,Compare and contrast Programming Basics with related concepts in Information Technology.
Information Technology,Programming Basics,1,Describe a case study related to Programming Basics in Information Technology.
Information Technology,Programming Basics,1,Explain the historical development of Programming Basics in Information Technology.
Information Technology,Programming Basics,1,"What challenges arise in the study of Programming Basics, and how can they be addressed?"
Information Technology,Programming Basics,1,Illustrate Programming Basics with an example and explain its key features.
Information Technology,Programming Basics,1,Analyze the impact of Programming Basics in modern Information Technology studies.
Information Technology,Programming Basics,1,Explain how Programming Basics affects other concepts within Information Technology.
Information Technology,Programming Basics,1,Discuss any recent advancements related to Programming Basics.
Information Technology,Programming Basics,1,Provide an in-depth explanation of Programming Basics and its role in Information Technology.
Information Technology,Programming Basics,1,What are the ethical considerations related to Programming Basics?
Information Technology,Programming Basics,1,Critically evaluate the importance of Programming Basics in the study of Information Technology.
Information Technology,Programming Basics,2,What are the fundamental principles of Programming Basics in Information Technology?
Information Technology,Programming Basics,2,Explain Programming Basics with a real-life example.
Information Technology,Programming Basics,2,Discuss the significance of Programming Basics in Information Technology.
Information Technology,Programming Basics,2,How is Programming Basics applied in practical scenarios?
Information Technology,Programming Basics,2,Compare and contrast Programming Basics with related concepts in Information Technology.
Information Technology,Programming Basics,2,Describe a case study related to Programming Basics in Information Technology.
Information Technology,Programming Basics,2,Explain the historical development of Programming Basics in Information Technology.
Information Technology,Programming Basics,2,"What challenges arise in the study of Programming Basics, and how can they be addressed?"
Information Technology,Programming Basics,2,Illustrate Programming Basics with an example and explain its key features.
Information Technology,Programming Basics,2,Analyze the impact of Programming Basics in modern Information Technology studies.
Information Technology,Programming Basics,2,Explain how Programming Basics affects other concepts within Information Technology.
Information Technology,Programming Basics,2,Discuss any recent advancements related to Programming Basics.
Information Technology,Programming Basics,2,Provide an in-depth explanation of Programming Basics and its role in Information Technology.
Information Technology,Programming Basics,2,What are the ethical considerations related to Programming Basics?
Information Technology,Programming Basics,2,Critically evaluate the importance of Programming Basics in the study of Information Technology.
Information Technology,Programming Basics,3,What are the fundamental principles of Programming Basics in Information Technology?
Information Technology,Programming Basics,3,Explain Programming Basics with a real-life example.
Information Technology,Programming Basics,3,Discuss the significance of Programming Basics in Information Technology.
Information Technology,Programming Basics,3,How is Programming Basics applied in practical scenarios?
Information Technology,Programming Basics,3,Compare and contrast Programming Basics with related concepts in Information Technology.
Information Technology,Programming Basics,3,Describe a case study related to Programming Basics in Information Technology.
Information Technology,Programming Basics,3,Explain the historical development of Programming Basics in Information Technology.
Information Technology,Programming Basics,3,"What challenges arise in the study of Programming Basics, and how can they be addressed?"
Information Technology,Programming Basics,3,Illustrate Programming Basics with an example and explain its key features.
Information Technology,Programming Basics,3,Analyze the impact of Programming Basics in modern Information Technology studies.
Information Technology,Programming Basics,3,Explain how Programming Basics affects other concepts within Information Technology.
Information Technology,Programming Basics,3,Discuss any recent advancements related to Programming Basics.
Information Technology,Programming Basics,3,Provide an in-depth explanation of Programming Basics and its role in Information Technology.
Information Technology,Programming Basics,3,What are the ethical considerations related to Programming Basics?
Information Technology,Programming Basics,3,Critically evaluate the importance of Programming Basics in the study of Information Technology.
Information Technology,Programming Basics,4,What are the fundamental principles of Programming Basics in Information Technology?
Information Technology,Programming Basics,4,Explain Programming Basics with a real-life example.
Information Technology,Programming Basics,4,Discuss the significance of Programming Basics in Information Technology.
Information Technology,Programming Basics,4,How is Programming Basics applied in practical scenarios?
Information Technology,Programming Basics,4,Compare and contrast Programming Basics with related concepts in Information Technology.
Information Technology,Programming Basics,4,Describe a case study related to Programming Basics in Information Technology.
Information Technology,Programming Basics,4,Explain the historical development of Programming Basics in Information Technology.
Information Technology,Programming Basics,4,"What challenges arise in the study of Programming Basics, and how can they be addressed?"
Information Technology,Programming Basics,4,Illustrate Programming Basics with an example and explain its key features.
Information Technology,Programming Basics,4,Analyze the impact of Programming Basics in modern Information Technology studies.
Information Technology,Programming Basics,4,Explain how Programming Basics affects other concepts within Information Technology.
Information Technology,Programming Basics,4,Discuss any recent advancements related to Programming Basics.
Information Technology,Programming Basics,4,Provide an in-depth explanation of Programming Basics and its role in Information Technology.
Information Technology,Programming Basics,4,What are the ethical considerations related to Programming Basics?
Information Technology,Programming Basics,4,Critically evaluate the importance of Programming Basics in the study of Information Technology.
Information Technology,Networking,1,What are the fundamental principles of Networking in Information Technology?
Information Technology,Networking,1,Explain Networking with a real-life example.
Information Technology,Networking,1,Discuss the significance of Networking in Information Technology.
Information Technology,Networking,1,How is Networking applied in practical scenarios?
Information Technology,Networking,1,Compare and contrast Networking with related concepts in Information Technology.
Information Technology,Networking,1,Describe a case study related to Networking in Information Technology.
Information Technology,Networking,1,Explain the historical development of Networking in Information Technology.
Information Technology,Networking,1,"What challenges arise in the study of Networking, and how can they be addressed?"
Information Technology,Networking,1,Illustrate Networking with an example and explain its key features.
Information Technology,Networking,1,Analyze the impact of Networking in modern Information Technology studies.
Information Technology,Networking,1,Explain how Networking affects other concepts within Information Technology.
Information Technology,Networking,1,Discuss any recent advancements related to Networking.
Information Technology,Networking,1,Provide an in-depth explanation of Networking and its role in Information Technology.
Information Technology,Networking,1,What are the ethical considerations related to Networking?
Information Technology,Networking,1,Critically evaluate the importance of Networking in the study of Information Technology.
Information Technology,Networking,2,What are the fundamental principles of Networking in Information Technology?
Information Technology,Networking,2,Explain Networking with a real-life example.
Information Technology,Networking,2,Discuss the significance of Networking in Information Technology.
Information Technology,Networking,2,How is Networking applied in practical scenarios?
Information Technology,Networking,2,Compare and contrast Networking with related concepts in Information Technology.
Information Technology,Networking,2,Describe a case study related to Networking in Information Technology.
Information Technology,Networking,2,Explain the historical development of Networking in Information Technology.
Information Technology,Networking,2,"What challenges arise in the study of Networking, and how can they be addressed?"
Information Technology,Networking,2,Illustrate Networking with an example and explain its key features.
Information Technology,Networking,2,Analyze the impact of Networking in modern Information Technology studies.
Information Technology,Networking,2,Explain how Networking affects other concepts within Information Technology.
Information Technology,Networking,2,Discuss any recent advancements related to Networking.
Information Technology,Networking,2,Provide an in-depth explanation of Networking and its role in Information Technology.
Information Technology,Networking,2,What are the ethical considerations related to Networking?
Information Technology,Networking,2,Critically evaluate the importance of Networking in the study of Information Technology.
Information Technology,Networking,3,What are the fundamental principles of Networking in Information Technology?
Information Technology,Networking,3,Explain Networking with a real-life example.
Information Technology,Networking,3,Discuss the significance of Networking in Information Technology.
Information Technology,Networking,3,How is Networking applied in practical scenarios?
Information Technology,Networking,3,Compare and contrast Networking with related concepts in Information Technology.
Information Technology,Networking,3,Describe a case study related to Networking in Information Technology.
Information Technology,Networking,3,Explain the historical development of Networking in Information Technology.
Information Technology,Networking,3,"What challenges arise in the study of Networking, and how can they be addressed?"
Information Technology,Networking,3,Illustrate Networking with an example and explain its key features.
Information Technology,Networking,3,Analyze the impact of Networking in modern Information Technology studies.
Information Technology,Networking,3,Explain how Networking affects other concepts within Information Technology.
Information Technology,Networking,3,Discuss any recent advancements related to Networking.
Information Technology,Networking,3,Provide an in-depth explanation of Networking and its role in Information Technology.
Information Technology,Networking,3,What are the ethical considerations related to Networking?
Information Technology,Networking,3,Critically evaluate the importance of Networking in the study of Information Technology.
Information Technology,Networking,4,What are the fundamental principles of Networking in Information Technology?
Information Technology,Networking,4,Explain Networking with a real-life example.
Information Technology,Networking,4,Discuss the significance of Networking in Information Technology.
Information Technology,Networking,4,How is Networking applied in practical scenarios?
Information Technology,Networking,4,Compare and contrast Networking with related concepts in Information Technology.
Information Technology,Networking,4,Describe a case study related to Networking in Information Technology.
Information Technology,Networking,4,Explain the historical development of Networking in Information Technology.
Information Technology,Networking,4,"What challenges arise in the study of Networking, and how can they be addressed?"
Information Technology,Networking,4,Illustrate Networking with an example and explain its key features.
Information Technology,Networking,4,Analyze the impact of Networking in modern Information Technology studies.
Information Technology,Networking,4,Explain how Networking affects other concepts within Information Technology.
Information Technology,Networking,4,Discuss any recent advancements related to Networking.
Information Technology,Networking,4,Provide an in-depth explanation of Networking and its role in Information Technology.
Information Technology,Networking,4,What are the ethical considerations related to Networking?
Information Technology,Networking,4,Critically evaluate the importance of Networking in the study of Information Technology.
Information Technology,Cybersecurity,1,What are the fundamental principles of Cybersecurity in Information Technology?
Information Technology,Cybersecurity,1,Explain Cybersecurity with a real-life example.
Information Technology,Cybersecurity,1,Discuss the significance of Cybersecurity in Information Technology.
Information Technology,Cybersecurity,1,How is Cybersecurity applied in practical scenarios?
Information Technology,Cybersecurity,1,Compare and contrast Cybersecurity with related concepts in Information Technology.
Information Technology,Cybersecurity,1,Describe a case study related to Cybersecurity in Information Technology.
Information Technology,Cybersecurity,1,Explain the historical development of Cybersecurity in Information Technology.
Information Technology,Cybersecurity,1,"What challenges arise in the study of Cybersecurity, and how can they be addressed?"
Information Technology,Cybersecurity,1,Illustrate Cybersecurity with an example and explain its key features.
Information Technology,Cybersecurity,1,Analyze the impact of Cybersecurity in modern Information Technology studies.
Information Technology,Cybersecurity,1,Explain how Cybersecurity affects other concepts within Information Technology.
Information Technology,Cybersecurity,1,Discuss any recent advancements related to Cybersecurity.
Information Technology,Cybersecurity,1,Provide an in-depth explanation of Cybersecurity and its role in Information Technology.
Information Technology,Cybersecurity,1,What are the ethical considerations related to Cybersecurity?
Information Technology,Cybersecurity,1,Critically evaluate the importance of Cybersecurity in the study of Information Technology.
Information Technology,Cybersecurity,2,What are the fundamental principles of Cybersecurity in Information Technology?
Information Technology,Cybersecurity,2,Explain Cybersecurity with a real-life example.
Information Technology,Cybersecurity,2,Discuss the significance of Cybersecurity in Information Technology.
Information Technology,Cybersecurity,2,How is Cybersecurity applied in practical scenarios?
Information Technology,Cybersecurity,2,Compare and contrast Cybersecurity with related concepts in Information Technology.
Information Technology,Cybersecurity,2,Describe a case study related to Cybersecurity in Information Technology.
Information Technology,Cybersecurity,2,Explain the historical development of Cybersecurity in Information Technology.
Information Technology,Cybersecurity,2,"What challenges arise in the study of Cybersecurity, and how can they be addressed?"
Information Technology,Cybersecurity,2,Illustrate Cybersecurity with an example and explain its key features.
Information Technology,Cybersecurity,2,Analyze the impact of Cybersecurity in modern Information Technology studies.
Information Technology,Cybersecurity,2,Explain how Cybersecurity affects other concepts within Information Technology.
Information Technology,Cybersecurity,2,Discuss any recent advancements related to Cybersecurity.
Information Technology,Cybersecurity,2,Provide an in-depth explanation of Cybersecurity and its role in Information Technology.
Information Technology,Cybersecurity,2,What are the ethical considerations related to Cybersecurity?
Information Technology,Cybersecurity,2,Critically evaluate the importance of Cybersecurity in the study of Information Technology.
Information Technology,Cybersecurity,3,What are the fundamental principles of Cybersecurity in Information Technology?
Information Technology,Cybersecurity,3,Explain Cybersecurity with a real-life example.
Information Technology,Cybersecurity,3,Discuss the significance of Cybersecurity in Information Technology.
Information Technology,Cybersecurity,3,How is Cybersecurity applied in practical scenarios?
Information Technology,Cybersecurity,3,Compare and contrast Cybersecurity with related concepts in Information Technology.
Information Technology,Cybersecurity,3,Describe a case study related to Cybersecurity in Information Technology.
Information Technology,Cybersecurity,3,Explain the historical development of Cybersecurity in Information Technology.
Information Technology,Cybersecurity,3,"What challenges arise in the study of Cybersecurity, and how can they be addressed?"
Information Technology,Cybersecurity,3,Illustrate Cybersecurity with an example and explain its key features.
Information Technology,Cybersecurity,3,Analyze the impact of Cybersecurity in modern Information Technology studies.
Information Technology,Cybersecurity,3,Explain how Cybersecurity affects other concepts within Information Technology.
Information Technology,Cybersecurity,3,Discuss any recent advancements related to Cybersecurity.
Information Technology,Cybersecurity,3,Provide an in-depth explanation of Cybersecurity and its role in Information Technology.
Information Technology,Cybersecurity,3,What are the ethical considerations related to Cybersecurity?
Information Technology,Cybersecurity,3,Critically evaluate the importance of Cybersecurity in the study of Information Technology.
Information Technology,Cybersecurity,4,What are the fundamental principles of Cybersecurity in Information Technology?
Information Technology,Cybersecurity,4,Explain Cybersecurity with a real-life example.
Information Technology,Cybersecurity,4,Discuss the significance of Cybersecurity in Information Technology.
Information Technology,Cybersecurity,4,How is Cybersecurity applied in practical scenarios?
Information Technology,Cybersecurity,4,Compare and contrast Cybersecurity with related concepts in Information Technology.
Information Technology,Cybersecurity,4,Describe a case study related to Cybersecurity in Information Technology.
Information Technology,Cybersecurity,4,Explain the historical development of Cybersecurity in Information Technology.
Information Technology,Cybersecurity,4,"What challenges arise in the study of Cybersecurity, and how can they be addressed?"
Information Technology,Cybersecurity,4,Illustrate Cybersecurity with an example and explain its key features.
Information Technology,Cybersecurity,4,Analyze the impact of Cybersecurity in modern Information Technology studies.
Information Technology,Cybersecurity,4,Explain how Cybersecurity affects other concepts within Information Technology.
Information Technology,Cybersecurity,4,Discuss any recent advancements related to Cybersecurity.
Information Technology,Cybersecurity,4,Provide an in-depth explanation of Cybersecurity and its role in Information Technology.
Information Technology,Cybersecurity,4,What are the ethical considerations related to Cybersecurity?
Information Technology,Cybersecurity,4,Critically evaluate the importance of Cybersecurity in the study of Information Technology.
Information Technology,Database Management,1,What are the fundamental principles of Database Management in Information Technology?
Information Technology,Database Management,1,Explain Database Management with a real-life example.
Information Technology,Database Management,1,Discuss the significance of Database Management in Information Technology.
Information Technology,Database Management,1,How is Database Management applied in practical scenarios?
Information Technology,Database Management,1,Compare and contrast Database Management with related concepts in Information Technology.
Information Technology,Database Management,1,Describe a case study related to Database Management in Information Technology.
Information Technology,Database Management,1,Explain the historical development of Database Management in Information Technology.
Information Technology,Database Management,1,"What challenges arise in the study of Database Management, and how can they be addressed?"
Information Technology,Database Management,1,Illustrate Database Management with an example and explain its key features.
Information Technology,Database Management,1,Analyze the impact of Database Management in modern Information Technology studies.
Information Technology,Database Management,1,Explain how Database Management affects other concepts within Information Technology.
Information Technology,Database Management,1,Discuss any recent advancements related to Database Management.
Information Technology,Database Management,1,Provide an in-depth explanation of Database Management and its role in Information Technology.
Information Technology,Database Management,1,What are the ethical considerations related to Database Management?
Information Technology,Database Management,1,Critically evaluate the importance of Database Management in the study of Information Technology.
Information Technology,Database Management,2,What are the fundamental principles of Database Management in Information Technology?
Information Technology,Database Management,2,Explain Database Management with a real-life example.
Information Technology,Database Management,2,Discuss the significance of Database Management in Information Technology.
Information Technology,Database Management,2,How is Database Management applied in practical scenarios?
Information Technology,Database Management,2,Compare and contrast Database Management with related concepts in Information Technology.
Information Technology,Database Management,2,Describe a case study related to Database Management in Information Technology.
Information Technology,Database Management,2,Explain the historical development of Database Management in Information Technology.
Information Technology,Database Management,2,"What challenges arise in the study of Database Management, and how can they be addressed?"
Information Technology,Database Management,2,Illustrate Database Management with an example and explain its key features.
Information Technology,Database Management,2,Analyze the impact of Database Management in modern Information Technology studies.
Information Technology,Database Management,2,Explain how Database Management affects other concepts within Information Technology.
Information Technology,Database Management,2,Discuss any recent advancements related to Database Management.
Information Technology,Database Management,2,Provide an in-depth explanation of Database Management and its role in Information Technology.
Information Technology,Database Management,2,What are the ethical considerations related to Database Management?
Information Technology,Database Management,2,Critically evaluate the importance of Database Management in the study of Information Technology.
Information Technology,Database Management,3,What are the fundamental principles of Database Management in Information Technology?
Information Technology,Database Management,3,Explain Database Management with a real-life example.
Information Technology,Database Management,3,Discuss the significance of Database Management in Information Technology.
Information Technology,Database Management,3,How is Database Management applied in practical scenarios?
Information Technology,Database Management,3,Compare and contrast Database Management with related concepts in Information Technology.
Information Technology,Database Management,3,Describe a case study related to Database Management in Information Technology.
Information Technology,Database Management,3,Explain the historical development of Database Management in Information Technology.
Information Technology,Database Management,3,"What challenges arise in the study of Database Management, and how can they be addressed?"
Information Technology,Database Management,3,Illustrate Database Management with an example and explain its key features.
Information Technology,Database Management,3,Analyze the impact of Database Management in modern Information Technology studies.
Information Technology,Database Management,3,Explain how Database Management affects other concepts within Information Technology.
Information Technology,Database Management,3,Discuss any recent advancements related to Database Management.
Information Technology,Database Management,3,Provide an in-depth explanation of Database Management and its role in Information Technology.
Information Technology,Database Management,3,What are the ethical considerations related to Database Management?
Information Technology,Database Management,3,Critically evaluate the importance of Database Management in the study of Information Technology.
Information Technology,Database Management,4,What are the fundamental principles of Database Management in Information Technology?
Information Technology,Database Management,4,Explain Database Management with a real-life example.
Information Technology,Database Management,4,Discuss the significance of Database Management in Information Technology.
Information Technology,Database Management,4,How is Database Management applied in practical scenarios?
Information Technology,Database Management,4,Compare and contrast Database Management with related concepts in Information Technology.
Information Technology,Database Management,4,Describe a case study related to Database Management in Information Technology.
Information Technology,Database Management,4,Explain the historical development of Database Management in Information Technology.
Information Technology,Database Management,4,"What challenges arise in the study of Database Management, and how can they be addressed?"
Information Technology,Database Management,4,Illustrate Database Management with an example and explain its key features.
Information Technology,Database Management,4,Analyze the impact of Database Management in modern Information Technology studies.
Information Technology,Database Management,4,Explain how Database Management affects other concepts within Information Technology.
Information Technology,Database Management,4,Discuss any recent advancements related to Database Management.
Information Technology,Database Management,4,Provide an in-depth explanation of Database Management and its role in Information Technology.
Information Technology,Database Management,4,What are the ethical considerations related to Database Management?
Information Technology,Database Management,4,Critically evaluate the importance of Database Management in the study of Information Technology.
Information Technology,Artificial Intelligence,1,What are the fundamental principles of Artificial Intelligence in Information Technology?
Information Technology,Artificial Intelligence,1,Explain Artificial Intelligence with a real-life example.
Information Technology,Artificial Intelligence,1,Discuss the significance of Artificial Intelligence in Information Technology.
Information Technology,Artificial Intelligence,1,How is Artificial Intelligence applied in practical scenarios?
Information Technology,Artificial Intelligence,1,Compare and contrast Artificial Intelligence with related concepts in Information Technology.
Information Technology,Artificial Intelligence,1,Describe a case study related to Artificial Intelligence in Information Technology.
Information Technology,Artificial Intelligence,1,Explain the historical development of Artificial Intelligence in Information Technology.
Information Technology,Artificial Intelligence,1,"What challenges arise in the study of Artificial Intelligence, and how can they be addressed?"
Information Technology,Artificial Intelligence,1,Illustrate Artificial Intelligence with an example and explain its key features.
Information Technology,Artificial Intelligence,1,Analyze the impact of Artificial Intelligence in modern Information Technology studies.
Information Technology,Artificial Intelligence,1,Explain how Artificial Intelligence affects other concepts within Information Technology.
Information Technology,Artificial Intelligence,1,Discuss any recent advancements related to Artificial Intelligence.
Information Technology,Artificial Intelligence,1,Provide an in-depth explanation of Artificial Intelligence and its role in Information Technology.
Information Technology,Artificial Intelligence,1,What are the ethical considerations related to Artificial Intelligence?
Information Technology,Artificial Intelligence,1,Critically evaluate the importance of Artificial Intelligence in the study of Information Technology.
Information Technology,Artificial Intelligence,2,What are the fundamental principles of Artificial Intelligence in Information Technology?
Information Technology,Artificial Intelligence,2,Explain Artificial Intelligence with a real-life example.
Information Technology,Artificial Intelligence,2,Discuss the significance of Artificial Intelligence in Information Technology.
Information Technology,Artificial Intelligence,2,How is Artificial Intelligence applied in practical scenarios?
Information Technology,Artificial Intelligence,2,Compare and contrast Artificial Intelligence with related concepts in Information Technology.
Information Technology,Artificial Intelligence,2,Describe a case study related to Artificial Intelligence in Information Technology.
Information Technology,Artificial Intelligence,2,Explain the historical development of Artificial Intelligence in Information Technology.
Information Technology,Artificial Intelligence,2,"What challenges arise in the study of Artificial Intelligence, and how can they be addressed?"
Information Technology,Artificial Intelligence,2,Illustrate Artificial Intelligence with an example and explain its key features.
Information Technology,Artificial Intelligence,2,Analyze the impact of Artificial Intelligence in modern Information Technology studies.
Information Technology,Artificial Intelligence,2,Explain how Artificial Intelligence affects other concepts within Information Technology.
Information Technology,Artificial Intelligence,2,Discuss any recent advancements related to Artificial Intelligence.
Information Technology,Artificial Intelligence,2,Provide an in-depth explanation of Artificial Intelligence and its role in Information Technology.
Information Technology,Artificial Intelligence,2,What are the ethical considerations related to Artificial Intelligence?
Information Technology,Artificial Intelligence,2,Critically evaluate the importance of Artificial Intelligence in the study of Information Technology.
Information Technology,Artificial Intelligence,3,What are the fundamental principles of Artificial Intelligence in Information Technology?
Information Technology,Artificial Intelligence,3,Explain Artificial Intelligence with a real-life example.
Information Technology,Artificial Intelligence,3,Discuss the significance of Artificial Intelligence in Information Technology.
Information Technology,Artificial Intelligence,3,How is Artificial Intelligence applied in practical scenarios?
Information Technology,Artificial Intelligence,3,Compare and contrast Artificial Intelligence with related concepts in Information Technology.
Information Technology,Artificial Intelligence,3,Describe a case study related to Artificial Intelligence in Information Technology.
Information Technology,Artificial Intelligence,3,Explain the historical development of Artificial Intelligence in Information Technology.
Information Technology,Artificial Intelligence,3,"What challenges arise in the study of Artificial Intelligence, and how can they be addressed?"
Information Technology,Artificial Intelligence,3,Illustrate Artificial Intelligence with an example and explain its key features.
Information Technology,Artificial Intelligence,3,Analyze the impact of Artificial Intelligence in modern Information Technology studies.
Information Technology,Artificial Intelligence,3,Explain how Artificial Intelligence affects other concepts within Information Technology.
Information Technology,Artificial Intelligence,3,Discuss any recent advancements related to Artificial Intelligence.
Information Technology,Artificial Intelligence,3,Provide an in-depth explanation of Artificial Intelligence and its role in Information Technology.
Information Technology,Artificial Intelligence,3,What are the ethical considerations related to Artificial Intelligence?
Information Technology,Artificial Intelligence,3,Critically evaluate the importance of Artificial Intelligence in the study of Information Technology.
Information Technology,Artificial Intelligence,4,What are the fundamental principles of Artificial Intelligence in Information Technology?
Information Technology,Artificial Intelligence,4,Explain Artificial Intelligence with a real-life example.
Information Technology,Artificial Intelligence,4,Discuss the significance of Artificial Intelligence in Information Technology.
Information Technology,Artificial Intelligence,4,How is Artificial Intelligence applied in practical scenarios?
Information Technology,Artificial Intelligence,4,Compare and contrast Artificial Intelligence with related concepts in Information Technology.
Information Technology,Artificial Intelligence,4,Describe a case study related to Artificial Intelligence in Information Technology.
Information Technology,Artificial Intelligence,4,Explain the historical development of Artificial Intelligence in Information Technology.
Information Technology,Artificial Intelligence,4,"What challenges arise in the study of Artificial Intelligence, and how can they be addressed?"
Information Technology,Artificial Intelligence,4,Illustrate Artificial Intelligence with an example and explain its key features.
Information Technology,Artificial Intelligence,4,Analyze the impact of Artificial Intelligence in modern Information Technology studies.
Information Technology,Artificial Intelligence,4,Explain how Artificial Intelligence affects other concepts within Information Technology.
Information Technology,Artificial Intelligence,4,Discuss any recent advancements related to Artificial Intelligence.
Information Technology,Artificial Intelligence,4,Provide an in-depth explanation of Artificial Intelligence and its role in Information Technology.
Information Technology,Artificial Intelligence,4,What are the ethical considerations related to Artificial Intelligence?
Information Technology,Artificial Intelligence,4,Critically evaluate the importance of Artificial Intelligence in the study of Information Technology.
Information Technology,Web Development,1,What are the fundamental principles of Web Development in Information Technology?
Information Technology,Web Development,1,Explain Web Development with a real-life example.
Information Technology,Web Development,1,Discuss the significance of Web Development in Information Technology.
Information Technology,Web Development,1,How is Web Development applied in practical scenarios?
Information Technology,Web Development,1,Compare and contrast Web Development with related concepts in Information Technology.
Information Technology,Web Development,1,Describe a case study related to Web Development in Information Technology.
Information Technology,Web Development,1,Explain the historical development of Web Development in Information Technology.
Information Technology,Web Development,1,"What challenges arise in the study of Web Development, and how can they be addressed?"
Information Technology,Web Development,1,Illustrate Web Development with an example and explain its key features.
Information Technology,Web Development,1,Analyze the impact of Web Development in modern Information Technology studies.
Information Technology,Web Development,1,Explain how Web Development affects other concepts within Information Technology.
Information Technology,Web Development,1,Discuss any recent advancements related to Web Development.
Information Technology,Web Development,1,Provide an in-depth explanation of Web Development and its role in Information Technology.
Information Technology,Web Development,1,What are the ethical considerations related to Web Development?
Information Technology,Web Development,1,Critically evaluate the importance of Web Development in the study of Information Technology.
Information Technology,Web Development,2,What are the fundamental principles of Web Development in Information Technology?
Information Technology,Web Development,2,Explain Web Development with a real-life example.
Information Technology,Web Development,2,Discuss the significance of Web Development in Information Technology.
Information Technology,Web Development,2,How is Web Development applied in practical scenarios?
Information Technology,Web Development,2,Compare and contrast Web Development with related concepts in Information Technology.
Information Technology,Web Development,2,Describe a case study related to Web Development in Information Technology.
Information Technology,Web Development,2,Explain the historical development of Web Development in Information Technology.
Information Technology,Web Development,2,"What challenges arise in the study of Web Development, and how can they be addressed?"
Information Technology,Web Development,2,Illustrate Web Development with an example and explain its key features.
Information Technology,Web Development,2,Analyze the impact of Web Development in modern Information Technology studies.
Information Technology,Web Development,2,Explain how Web Development affects other concepts within Information Technology.
Information Technology,Web Development,2,Discuss any recent advancements related to Web Development.
Information Technology,Web Development,2,Provide an in-depth explanation of Web Development and its role in Information Technology.
Information Technology,Web Development,2,What are the ethical considerations related to Web Development?
Information Technology,Web Development,2,Critically evaluate the importance of Web Development in the study of Information Technology.
Information Technology,Web Development,3,What are the fundamental principles of Web Development in Information Technology?
Information Technology,Web Development,3,Explain Web Development with a real-life example.
Information Technology,Web Development,3,Discuss the significance of Web Development in Information Technology.
Information Technology,Web Development,3,How is Web Development applied in practical scenarios?
Information Technology,Web Development,3,Compare and contrast Web Development with related concepts in Information Technology.
Information Technology,Web Development,3,Describe a case study related to Web Development in Information Technology.
Information Technology,Web Development,3,Explain the historical development of Web Development in Information Technology.
Information Technology,Web Development,3,"What challenges arise in the study of Web Development, and how can they be addressed?"
Information Technology,Web Development,3,Illustrate Web Development with an example and explain its key features.
Information Technology,Web Development,3,Analyze the impact of Web Development in modern Information Technology studies.
Information Technology,Web Development,3,Explain how Web Development affects other concepts within Information Technology.
Information Technology,Web Development,3,Discuss any recent advancements related to Web Development.
Information Technology,Web Development,3,Provide an in-depth explanation of Web Development and its role in Information Technology.
Information Technology,Web Development,3,What are the ethical considerations related to Web Development?
Information Technology,Web Development,3,Critically evaluate the importance of Web Development in the study of Information Technology.
Information Technology,Web Development,4,What are the fundamental principles of Web Development in Information Technology?
Information Technology,Web Development,4,Explain Web Development with a real-life example.
Information Technology,Web Development,4,Discuss the significance of Web Development in Information Technology.
Information Technology,Web Development,4,How is Web Development applied in practical scenarios?
Information Technology,Web Development,4,Compare and contrast Web Development with related concepts in Information Technology.
Information Technology,Web Development,4,Describe a case study related to Web Development in Information Technology.
Information Technology,Web Development,4,Explain the historical development of Web Development in Information Technology.
Information Technology,Web Development,4,"What challenges arise in the study of Web Development, and how can they be addressed?"
Information Technology,Web Development,4,Illustrate Web Development with an example and explain its key features.
Information Technology,Web Development,4,Analyze the impact of Web Development in modern Information Technology studies.
Information Technology,Web Development,4,Explain how Web Development affects other concepts within Information Technology.
Information Technology,Web Development,4,Discuss any recent advancements related to Web Development.
Information Technology,Web Development,4,Provide an in-depth explanation of Web Development and its role in Information Technology.
Information Technology,Web Development,4,What are the ethical considerations related to Web Development?
Information Technology,Web Development,4,Critically evaluate the importance of Web Development in the study of Information Technology.
Information Technology,Data Structures,1,What are the fundamental principles of Data Structures in Information Technology?
Information Technology,Data Structures,1,Explain Data Structures with a real-life example.
Information Technology,Data Structures,1,Discuss the significance of Data Structures in Information Technology.
Information Technology,Data Structures,1,How is Data Structures applied in practical scenarios?
Information Technology,Data Structures,1,Compare and contrast Data Structures with related concepts in Information Technology.
Information Technology,Data Structures,1,Describe a case study related to Data Structures in Information Technology.
Information Technology,Data Structures,1,Explain the historical development of Data Structures in Information Technology.
Information Technology,Data Structures,1,"What challenges arise in the study of Data Structures, and how can they be addressed?"
Information Technology,Data Structures,1,Illustrate Data Structures with an example and explain its key features.
Information Technology,Data Structures,1,Analyze the impact of Data Structures in modern Information Technology studies.
Information Technology,Data Structures,1,Explain how Data Structures affects other concepts within Information Technology.
Information Technology,Data Structures,1,Discuss any recent advancements related to Data Structures.
Information Technology,Data Structures,1,Provide an in-depth explanation of Data Structures and its role in Information Technology.
Information Technology,Data Structures,1,What are the ethical considerations related to Data Structures?
Information Technology,Data Structures,1,Critically evaluate the importance of Data Structures in the study of Information Technology.
Information Technology,Data Structures,2,What are the fundamental principles of Data Structures in Information Technology?
Information Technology,Data Structures,2,Explain Data Structures with a real-life example.
Information Technology,Data Structures,2,Discuss the significance of Data Structures in Information Technology.
Information Technology,Data Structures,2,How is Data Structures applied in practical scenarios?
Information Technology,Data Structures,2,Compare and contrast Data Structures with related concepts in Information Technology.
Information Technology,Data Structures,2,Describe a case study related to Data Structures in Information Technology.
Information Technology,Data Structures,2,Explain the historical development of Data Structures in Information Technology.
Information Technology,Data Structures,2,"What challenges arise in the study of Data Structures, and how can they be addressed?"
Information Technology,Data Structures,2,Illustrate Data Structures with an example and explain its key features.
Information Technology,Data Structures,2,Analyze the impact of Data Structures in modern Information Technology studies.
Information Technology,Data Structures,2,Explain how Data Structures affects other concepts within Information Technology.
Information Technology,Data Structures,2,Discuss any recent advancements related to Data Structures.
Information Technology,Data Structures,2,Provide an in-depth explanation of Data Structures and its role in Information Technology.
Information Technology,Data Structures,2,What are the ethical considerations related to Data Structures?
Information Technology,Data Structures,2,Critically evaluate the importance of Data Structures in the study of Information Technology.
Information Technology,Data Structures,3,What are the fundamental principles of Data Structures in Information Technology?
Information Technology,Data Structures,3,Explain Data Structures with a real-life example.
Information Technology,Data Structures,3,Discuss the significance of Data Structures in Information Technology.
Information Technology,Data Structures,3,How is Data Structures applied in practical scenarios?
Information Technology,Data Structures,3,Compare and contrast Data Structures with related concepts in Information Technology.
Information Technology,Data Structures,3,Describe a case study related to Data Structures in Information Technology.
Information Technology,Data Structures,3,Explain the historical development of Data Structures in Information Technology.
Information Technology,Data Structures,3,"What challenges arise in the study of Data Structures, and how can they be addressed?"
Information Technology,Data Structures,3,Illustrate Data Structures with an example and explain its key features.
Information Technology,Data Structures,3,Analyze the impact of Data Structures in modern Information Technology studies.
Information Technology,Data Structures,3,Explain how Data Structures affects other concepts within Information Technology.
Information Technology,Data Structures,3,Discuss any recent advancements related to Data Structures.
Information Technology,Data Structures,3,Provide an in-depth explanation of Data Structures and its role in Information Technology.
Information Technology,Data Structures,3,What are the ethical considerations related to Data Structures?
Information Technology,Data Structures,3,Critically evaluate the importance of Data Structures in the study of Information Technology.
Information Technology,Data Structures,4,What are the fundamental principles of Data Structures in Information Technology?
Information Technology,Data Structures,4,Explain Data Structures with a real-life example.
Information Technology,Data Structures,4,Discuss the significance of Data Structures in Information Technology.
Information Technology,Data Structures,4,How is Data Structures applied in practical scenarios?
Information Technology,Data Structures,4,Compare and contrast Data Structures with related concepts in Information Technology.
Information Technology,Data Structures,4,Describe a case study related to Data Structures in Information Technology.
Information Technology,Data Structures,4,Explain the historical development of Data Structures in Information Technology.
Information Technology,Data Structures,4,"What challenges arise in the study of Data Structures, and how can they be addressed?"
Information Technology,Data Structures,4,Illustrate Data Structures with an example and explain its key features.
Information Technology,Data Structures,4,Analyze the impact of Data Structures in modern Information Technology studies.
Information Technology,Data Structures,4,Explain how Data Structures affects other concepts within Information Technology.
Information Technology,Data Structures,4,Discuss any recent advancements related to Data Structures.
Information Technology,Data Structures,4,Provide an in-depth explanation of Data Structures and its role in Information Technology.
Information Technology,Data Structures,4,What are the ethical considerations related to Data Structures?
Information Technology,Data Structures,4,Critically evaluate the importance of Data Structures in the study of Information Technology.
Information Technology,Software Engineering,1,What are the fundamental principles of Software Engineering in Information Technology?
Information Technology,Software Engineering,1,Explain Software Engineering with a real-life example.
Information Technology,Software Engineering,1,Discuss the significance of Software Engineering in Information Technology.
Information Technology,Software Engineering,1,How is Software Engineering applied in practical scenarios?
Information Technology,Software Engineering,1,Compare and contrast Software Engineering with related concepts in Information Technology.
Information Technology,Software Engineering,1,Describe a case study related to Software Engineering in Information Technology.
Information Technology,Software Engineering,1,Explain the historical development of Software Engineering in Information Technology.
Information Technology,Software Engineering,1,"What challenges arise in the study of Software Engineering, and how can they be addressed?"
Information Technology,Software Engineering,1,Illustrate Software Engineering with an example and explain its key features.
Information Technology,Software Engineering,1,Analyze the impact of Software Engineering in modern Information Technology studies.
Information Technology,Software Engineering,1,Explain how Software Engineering affects other concepts within Information Technology.
Information Technology,Software Engineering,1,Discuss any recent advancements related to Software Engineering.
Information Technology,Software Engineering,1,Provide an in-depth explanation of Software Engineering and its role in Information Technology.
Information Technology,Software Engineering,1,What are the ethical considerations related to Software Engineering?
Information Technology,Software Engineering,1,Critically evaluate the importance of Software Engineering in the study of Information Technology.
Information Technology,Software Engineering,2,What are the fundamental principles of Software Engineering in Information Technology?
Information Technology,Software Engineering,2,Explain Software Engineering with a real-life example.
Information Technology,Software Engineering,2,Discuss the significance of Software Engineering in Information Technology.
Information Technology,Software Engineering,2,How is Software Engineering applied in practical scenarios?
Information Technology,Software Engineering,2,Compare and contrast Software Engineering with related concepts in Information Technology.
Information Technology,Software Engineering,2,Describe a case study related to Software Engineering in Information Technology.
Information Technology,Software Engineering,2,Explain the historical development of Software Engineering in Information Technology.
Information Technology,Software Engineering,2,"What challenges arise in the study of Software Engineering, and how can they be addressed?"
Information Technology,Software Engineering,2,Illustrate Software Engineering with an example and explain its key features.
Information Technology,Software Engineering,2,Analyze the impact of Software Engineering in modern Information Technology studies.
Information Technology,Software Engineering,2,Explain how Software Engineering affects other concepts within Information Technology.
Information Technology,Software Engineering,2,Discuss any recent advancements related to Software Engineering.
Information Technology,Software Engineering,2,Provide an in-depth explanation of Software Engineering and its role in Information Technology.
Information Technology,Software Engineering,2,What are the ethical considerations related to Software Engineering?
Information Technology,Software Engineering,2,Critically evaluate the importance of Software Engineering in the study of Information Technology.
Information Technology,Software Engineering,3,What are the fundamental principles of Software Engineering in Information Technology?
Information Technology,Software Engineering,3,Explain Software Engineering with a real-life example.
Information Technology,Software Engineering,3,Discuss the significance of Software Engineering in Information Technology.
Information Technology,Software Engineering,3,How is Software Engineering applied in practical scenarios?
Information Technology,Software Engineering,3,Compare and contrast Software Engineering with related concepts in Information Technology.
Information Technology,Software Engineering,3,Describe a case study related to Software Engineering in Information Technology.
Information Technology,Software Engineering,3,Explain the historical development of Software Engineering in Information Technology.
Information Technology,Software Engineering,3,"What challenges arise in the study of Software Engineering, and how can they be addressed?"
Information Technology,Software Engineering,3,Illustrate Software Engineering with an example and explain its key features.
Information Technology,Software Engineering,3,Analyze the impact of Software Engineering in modern Information Technology studies.
Information Technology,Software Engineering,3,Explain how Software Engineering affects other concepts within Information Technology.
Information Technology,Software Engineering,3,Discuss any recent advancements related to Software Engineering.
Information Technology,Software Engineering,3,Provide an in-depth explanation of Software Engineering and its role in Information Technology.
Information Technology,Software Engineering,3,What are the ethical considerations related to Software Engineering?
Information Technology,Software Engineering,3,Critically evaluate the importance of Software Engineering in the study of Information Technology.
Information Technology,Software Engineering,4,What are the fundamental principles of Software Engineering in Information Technology?
Information Technology,Software Engineering,4,Explain Software Engineering with a real-life example.
Information Technology,Software Engineering,4,Discuss the significance of Software Engineering in Information Technology.
Information Technology,Software Engineering,4,How is Software Engineering applied in practical scenarios?
Information Technology,Software Engineering,4,Compare and contrast Software Engineering with related concepts in Information Technology.
Information Technology,Software Engineering,4,Describe a case study related to Software Engineering in Information Technology.
Information Technology,Software Engineering,4,Explain the historical development of Software Engineering in Information Technology.
Information Technology,Software Engineering,4,"What challenges arise in the study of Software Engineering, and how can they be addressed?"
Information Technology,Software Engineering,4,Illustrate Software Engineering with an example and explain its key features.
Information Technology,Software Engineering,4,Analyze the impact of Software Engineering in modern Information Technology studies.
Information Technology,Software Engineering,4,Explain how Software Engineering affects other concepts within Information Technology.
Information Technology,Software Engineering,4,Discuss any recent advancements related to Software Engineering.
Information Technology,Software Engineering,4,Provide an in-depth explanation of Software Engineering and its role in Information Technology.
Information Technology,Software Engineering,4,What are the ethical considerations related to Software Engineering?
Information Technology,Software Engineering,4,Critically evaluate the importance of Software Engineering in the study of Information Technology.
EVS,Climate Change,1,What are the fundamental principles of Climate Change in EVS?
EVS,Climate Change,1,Explain Climate Change with a real-life example.
EVS,Climate Change,1,Discuss the significance of Climate Change in EVS.
EVS,Climate Change,1,How is Climate Change applied in practical scenarios?
EVS,Climate Change,1,Compare and contrast Climate Change with related concepts in EVS.
EVS,Climate Change,1,Describe a case study related to Climate Change in EVS.
EVS,Climate Change,1,Explain the historical development of Climate Change in EVS.
EVS,Climate Change,1,"What challenges arise in the study of Climate Change, and how can they be addressed?"
EVS,Climate Change,1,Illustrate Climate Change with an example and explain its key features.
EVS,Climate Change,1,Analyze the impact of Climate Change in modern EVS studies.
EVS,Climate Change,1,Explain how Climate Change affects other concepts within EVS.
EVS,Climate Change,1,Discuss any recent advancements related to Climate Change.
EVS,Climate Change,1,Provide an in-depth explanation of Climate Change and its role in EVS.
EVS,Climate Change,1,What are the ethical considerations related to Climate Change?
EVS,Climate Change,1,Critically evaluate the importance of Climate Change in the study of EVS.
EVS,Climate Change,2,What are the fundamental principles of Climate Change in EVS?
EVS,Climate Change,2,Explain Climate Change with a real-life example.
EVS,Climate Change,2,Discuss the significance of Climate Change in EVS.
EVS,Climate Change,2,How is Climate Change applied in practical scenarios?
EVS,Climate Change,2,Compare and contrast Climate Change with related concepts in EVS.
EVS,Climate Change,2,Describe a case study related to Climate Change in EVS.
EVS,Climate Change,2,Explain the historical development of Climate Change in EVS.
EVS,Climate Change,2,"What challenges arise in the study of Climate Change, and how can they be addressed?"
EVS,Climate Change,2,Illustrate Climate Change with an example and explain its key features.
EVS,Climate Change,2,Analyze the impact of Climate Change in modern EVS studies.
EVS,Climate Change,2,Explain how Climate Change affects other concepts within EVS.
EVS,Climate Change,2,Discuss any recent advancements related to Climate Change.
EVS,Climate Change,2,Provide an in-depth explanation of Climate Change and its role in EVS.
EVS,Climate Change,2,What are the ethical considerations related to Climate Change?
EVS,Climate Change,2,Critically evaluate the importance of Climate Change in the study of EVS.
EVS,Climate Change,3,What are the fundamental principles of Climate Change in EVS?
EVS,Climate Change,3,Explain Climate Change with a real-life example.
EVS,Climate Change,3,Discuss the significance of Climate Change in EVS.
EVS,Climate Change,3,How is Climate Change applied in practical scenarios?
EVS,Climate Change,3,Compare and contrast Climate Change with related concepts in EVS.
EVS,Climate Change,3,Describe a case study related to Climate Change in EVS.
EVS,Climate Change,3,Explain the historical development of Climate Change in EVS.
EVS,Climate Change,3,"What challenges arise in the study of Climate Change, and how can they be addressed?"
EVS,Climate Change,3,Illustrate Climate Change with an example and explain its key features.
EVS,Climate Change,3,Analyze the impact of Climate Change in modern EVS studies.
EVS,Climate Change,3,Explain how Climate Change affects other concepts within EVS.
EVS,Climate Change,3,Discuss any recent advancements related to Climate Change.
EVS,Climate Change,3,Provide an in-depth explanation of Climate Change and its role in EVS.
EVS,Climate Change,3,What are the ethical considerations related to Climate Change?
EVS,Climate Change,3,Critically evaluate the importance of Climate Change in the study of EVS.
EVS,Climate Change,4,What are the fundamental principles of Climate Change in EVS?
EVS,Climate Change,4,Explain Climate Change with a real-life example.
EVS,Climate Change,4,Discuss the significance of Climate Change in EVS.
EVS,Climate Change,4,How is Climate Change applied in practical scenarios?
EVS,Climate Change,4,Compare and contrast Climate Change with related concepts in EVS.
EVS,Climate Change,4,Describe a case study related to Climate Change in EVS.
EVS,Climate Change,4,Explain the historical development of Climate Change in EVS.
EVS,Climate Change,4,"What challenges arise in the study of Climate Change, and how can they be addressed?"
EVS,Climate Change,4,Illustrate Climate Change with an example and explain its key features.
EVS,Climate Change,4,Analyze the impact of Climate Change in modern EVS studies.
EVS,Climate Change,4,Explain how Climate Change affects other concepts within EVS.
EVS,Climate Change,4,Discuss any recent advancements related to Climate Change.
EVS,Climate Change,4,Provide an in-depth explanation of Climate Change and its role in EVS.
EVS,Climate Change,4,What are the ethical considerations related to Climate Change?
EVS,Climate Change,4,Critically evaluate the importance of Climate Change in the study of EVS.
EVS,Biodiversity,1,What are the fundamental principles of Biodiversity in EVS?
EVS,Biodiversity,1,Explain Biodiversity with a real-life example.
EVS,Biodiversity,1,Discuss the significance of Biodiversity in EVS.
EVS,Biodiversity,1,How is Biodiversity applied in practical scenarios?
EVS,Biodiversity,1,Compare and contrast Biodiversity with related concepts in EVS.
EVS,Biodiversity,1,Describe a case study related to Biodiversity in EVS.
EVS,Biodiversity,1,Explain the historical development of Biodiversity in EVS.
EVS,Biodiversity,1,"What challenges arise in the study of Biodiversity, and how can they be addressed?"
EVS,Biodiversity,1,Illustrate Biodiversity with an example and explain its key features.
EVS,Biodiversity,1,Analyze the impact of Biodiversity in modern EVS studies.
EVS,Biodiversity,1,Explain how Biodiversity affects other concepts within EVS.
EVS,Biodiversity,1,Discuss any recent advancements related to Biodiversity.
EVS,Biodiversity,1,Provide an in-depth explanation of Biodiversity and its role in EVS.
EVS,Biodiversity,1,What are the ethical considerations related to Biodiversity?
EVS,Biodiversity,1,Critically evaluate the importance of Biodiversity in the study of EVS.
EVS,Biodiversity,2,What are the fundamental principles of Biodiversity in EVS?
EVS,Biodiversity,2,Explain Biodiversity with a real-life example.
EVS,Biodiversity,2,Discuss the significance of Biodiversity in EVS.
EVS,Biodiversity,2,How is Biodiversity applied in practical scenarios?
EVS,Biodiversity,2,Compare and contrast Biodiversity with related concepts in EVS.
EVS,Biodiversity,2,Describe a case study related to Biodiversity in EVS.
EVS,Biodiversity,2,Explain the historical development of Biodiversity in EVS.
EVS,Biodiversity,2,"What challenges arise in the study of Biodiversity, and how can they be addressed?"
EVS,Biodiversity,2,Illustrate Biodiversity with an example and explain its key features.
EVS,Biodiversity,2,Analyze the impact of Biodiversity in modern EVS studies.
EVS,Biodiversity,2,Explain how Biodiversity affects other concepts within EVS.
EVS,Biodiversity,2,Discuss any recent advancements related to Biodiversity.
EVS,Biodiversity,2,Provide an in-depth explanation of Biodiversity and its role in EVS.
EVS,Biodiversity,2,What are the ethical considerations related to Biodiversity?
EVS,Biodiversity,2,Critically evaluate the importance of Biodiversity in the study of EVS.
EVS,Biodiversity,3,What are the fundamental principles of Biodiversity in EVS?
EVS,Biodiversity,3,Explain Biodiversity with a real-life example.
EVS,Biodiversity,3,Discuss the significance of Biodiversity in EVS.
EVS,Biodiversity,3,How is Biodiversity applied in practical scenarios?
EVS,Biodiversity,3,Compare and contrast Biodiversity with related concepts in EVS.
EVS,Biodiversity,3,Describe a case study related to Biodiversity in EVS.
EVS,Biodiversity,3,Explain the historical development of Biodiversity in EVS.
EVS,Biodiversity,3,"What challenges arise in the study of Biodiversity, and how can they be addressed?"
EVS,Biodiversity,3,Illustrate Biodiversity with an example and explain its key features.
EVS,Biodiversity,3,Analyze the impact of Biodiversity in modern EVS studies.
EVS,Biodiversity,3,Explain how Biodiversity affects other concepts within EVS.
EVS,Biodiversity,3,Discuss any recent advancements related to Biodiversity.
EVS,Biodiversity,3,Provide an in-depth explanation of Biodiversity and its role in EVS.
EVS,Biodiversity,3,What are the ethical considerations related to Biodiversity?
EVS,Biodiversity,3,Critically evaluate the importance of Biodiversity in the study of EVS.
EVS,Biodiversity,4,What are the fundamental principles of Biodiversity in EVS?
EVS,Biodiversity,4,Explain Biodiversity with a real-life example.
EVS,Biodiversity,4,Discuss the significance of Biodiversity in EVS.
EVS,Biodiversity,4,How is Biodiversity applied in practical scenarios?
EVS,Biodiversity,4,Compare and contrast Biodiversity with related concepts in EVS.
EVS,Biodiversity,4,Describe a case study related to Biodiversity in EVS.
EVS,Biodiversity,4,Explain the historical development of Biodiversity in EVS.
EVS,Biodiversity,4,"What challenges arise in the study of Biodiversity, and how can they be addressed?"
EVS,Biodiversity,4,Illustrate Biodiversity with an example and explain its key features.
EVS,Biodiversity,4,Analyze the impact of Biodiversity in modern EVS studies.
EVS,Biodiversity,4,Explain how Biodiversity affects other concepts within EVS.
EVS,Biodiversity,4,Discuss any recent advancements related to Biodiversity.
EVS,Biodiversity,4,Provide an in-depth explanation of Biodiversity and its role in EVS.
EVS,Biodiversity,4,What are the ethical considerations related to Biodiversity?
EVS,Biodiversity,4,Critically evaluate the importance of Biodiversity in the study of EVS.
EVS,Sustainable Development,1,What are the fundamental principles of Sustainable Development in EVS?
EVS,Sustainable Development,1,Explain Sustainable Development with a real-life example.
EVS,Sustainable Development,1,Discuss the significance of Sustainable Development in EVS.
EVS,Sustainable Development,1,How is Sustainable Development applied in practical scenarios?
EVS,Sustainable Development,1,Compare and contrast Sustainable Development with related concepts in EVS.
EVS,Sustainable Development,1,Describe a case study related to Sustainable Development in EVS.
EVS,Sustainable Development,1,Explain the historical development of Sustainable Development in EVS.
EVS,Sustainable Development,1,"What challenges arise in the study of Sustainable Development, and how can they be addressed?"
EVS,Sustainable Development,1,Illustrate Sustainable Development with an example and explain its key features.
EVS,Sustainable Development,1,Analyze the impact of Sustainable Development in modern EVS studies.
EVS,Sustainable Development,1,Explain how Sustainable Development affects other concepts within EVS.
EVS,Sustainable Development,1,Discuss any recent advancements related to Sustainable Development.
EVS,Sustainable Development,1,Provide an in-depth explanation of Sustainable Development and its role in EVS.
EVS,Sustainable Development,1,What are the ethical considerations related to Sustainable Development?
EVS,Sustainable Development,1,Critically evaluate the importance of Sustainable Development in the study of EVS.
EVS,Sustainable Development,2,What are the fundamental principles of Sustainable Development in EVS?
EVS,Sustainable Development,2,Explain Sustainable Development with a real-life example.
EVS,Sustainable Development,2,Discuss the significance of Sustainable Development in EVS.
EVS,Sustainable Development,2,How is Sustainable Development applied in practical scenarios?
EVS,Sustainable Development,2,Compare and contrast Sustainable Development with related concepts in EVS.
EVS,Sustainable Development,2,Describe a case study related to Sustainable Development in EVS.
EVS,Sustainable Development,2,Explain the historical development of Sustainable Development in EVS.
EVS,Sustainable Development,2,"What challenges arise in the study of Sustainable Development, and how can they be addressed?"
EVS,Sustainable Development,2,Illustrate Sustainable Development with an example and explain its key features.
EVS,Sustainable Development,2,Analyze the impact of Sustainable Development in modern EVS studies.
EVS,Sustainable Development,2,Explain how Sustainable Development affects other concepts within EVS.
EVS,Sustainable Development,2,Discuss any recent advancements related to Sustainable Development.
EVS,Sustainable Development,2,Provide an in-depth explanation of Sustainable Development and its role in EVS.
EVS,Sustainable Development,2,What are the ethical considerations related to Sustainable Development?
EVS,Sustainable Development,2,Critically evaluate the importance of Sustainable Development in the study of EVS.
EVS,Sustainable Development,3,What are the fundamental principles of Sustainable Development in EVS?
EVS,Sustainable Development,3,Explain Sustainable Development with a real-life example.
EVS,Sustainable Development,3,Discuss the significance of Sustainable Development in EVS.
EVS,Sustainable Development,3,How is Sustainable Development applied in practical scenarios?
EVS,Sustainable Development,3,Compare and contrast Sustainable Development with related concepts in EVS.
EVS,Sustainable Development,3,Describe a case study related to Sustainable Development in EVS.
EVS,Sustainable Development,3,Explain the historical development of Sustainable Development in EVS.
EVS,Sustainable Development,3,"What challenges arise in the study of Sustainable Development, and how can they be addressed?"
EVS,Sustainable Development,3,Illustrate Sustainable Development with an example and explain its key features.
EVS,Sustainable Development,3,Analyze the impact of Sustainable Development in modern EVS studies.
EVS,Sustainable Development,3,Explain how Sustainable Development affects other concepts within EVS.
EVS,Sustainable Development,3,Discuss any recent advancements related to Sustainable Development.
EVS,Sustainable Development,3,Provide an in-depth explanation of Sustainable Development and its role in EVS.
EVS,Sustainable Development,3,What are the ethical considerations related to Sustainable Development?
EVS,Sustainable Development,3,Critically evaluate the importance of Sustainable Development in the study of EVS.
EVS,Sustainable Development,4,What are the fundamental principles of Sustainable Development in EVS?
EVS,Sustainable Development,4,Explain Sustainable Development with a real-life example.
EVS,Sustainable Development,4,Discuss the significance of Sustainable Development in EVS.
EVS,Sustainable Development,4,How is Sustainable Development applied in practical scenarios?
EVS,Sustainable Development,4,Compare and contrast Sustainable Development with related concepts in EVS.
EVS,Sustainable Development,4,Describe a case study related to Sustainable Development in EVS.
EVS,Sustainable Development,4,Explain the historical development of Sustainable Development in EVS.
EVS,Sustainable Development,4,"What challenges arise in the study of Sustainable Development, and how can they be addressed?"
EVS,Sustainable Development,4,Illustrate Sustainable Development with an example and explain its key features.
EVS,Sustainable Development,4,Analyze the impact of Sustainable Development in modern EVS studies.
EVS,Sustainable Development,4,Explain how Sustainable Development affects other concepts within EVS.
EVS,Sustainable Development,4,Discuss any recent advancements related to Sustainable Development.
EVS,Sustainable Development,4,Provide an in-depth explanation of Sustainable Development and its role in EVS.
EVS,Sustainable Development,4,What are the ethical considerations related to Sustainable Development?
EVS,Sustainable Development,4,Critically evaluate the importance of Sustainable Development in the study of EVS.
EVS,Pollution,1,What are the fundamental principles of Pollution in EVS?
EVS,Pollution,1,Explain Pollution with a real-life example.
EVS,Pollution,1,Discuss the significance of Pollution in EVS.
EVS,Pollution,1,How is Pollution applied in practical scenarios?
EVS,Pollution,1,Compare and contrast Pollution with related concepts in EVS.
EVS,Pollution,1,Describe a case study related to Pollution in EVS.
EVS,Pollution,1,Explain the historical development of Pollution in EVS.
EVS,Pollution,1,"What challenges arise in the study of Pollution, and how can they be addressed?"
EVS,Pollution,1,Illustrate Pollution with an example and explain its key features.
EVS,Pollution,1,Analyze the impact of Pollution in modern EVS studies.
EVS,Pollution,1,Explain how Pollution affects other concepts within EVS.
EVS,Pollution,1,Discuss any recent advancements related to Pollution.
EVS,Pollution,1,Provide an in-depth explanation of Pollution and its role in EVS.
EVS,Pollution,1,What are the ethical considerations related to Pollution?
EVS,Pollution,1,Critically evaluate the importance of Pollution in the study of EVS.
EVS,Pollution,2,What are the fundamental principles of Pollution in EVS?
EVS,Pollution,2,Explain Pollution with a real-life example.
EVS,Pollution,2,Discuss the significance of Pollution in EVS.
EVS,Pollution,2,How is Pollution applied in practical scenarios?
EVS,Pollution,2,Compare and contrast Pollution with related concepts in EVS.
EVS,Pollution,2,Describe a case study related to Pollution in EVS.
EVS,Pollution,2,Explain the historical development of Pollution in EVS.
EVS,Pollution,2,"What challenges arise in the study of Pollution, and how can they be addressed?"
EVS,Pollution,2,Illustrate Pollution with an example and explain its key features.
EVS,Pollution,2,Analyze the impact of Pollution in modern EVS studies.
EVS,Pollution,2,Explain how Pollution affects other concepts within EVS.
EVS,Pollution,2,Discuss any recent advancements related to Pollution.
EVS,Pollution,2,Provide an in-depth explanation of Pollution and its role in EVS.
EVS,Pollution,2,What are the ethical considerations related to Pollution?
EVS,Pollution,2,Critically evaluate the importance of Pollution in the study of EVS.
EVS,Pollution,3,What are the fundamental principles of Pollution in EVS?
EVS,Pollution,3,Explain Pollution with a real-life example.
EVS,Pollution,3,Discuss the significance of Pollution in EVS.
EVS,Pollution,3,How is Pollution applied in practical scenarios?
EVS,Pollution,3,Compare and contrast Pollution with related concepts in EVS.
EVS,Pollution,3,Describe a case study related to Pollution in EVS.
EVS,Pollution,3,Explain the historical development of Pollution in EVS.
EVS,Pollution,3,"What challenges arise in the study of Pollution, and how can they be addressed?"
EVS,Pollution,3,Illustrate Pollution with an example and explain its key features.
EVS,Pollution,3,Analyze the impact of Pollution in modern EVS studies.
EVS,Pollution,3,Explain how Pollution affects other concepts within EVS.
EVS,Pollution,3,Discuss any recent advancements related to Pollution.
EVS,Pollution,3,Provide an in-depth explanation of Pollution and its role in EVS.
EVS,Pollution,3,What are the ethical considerations related to Pollution?
EVS,Pollution,3,Critically evaluate the importance of Pollution in the study of EVS.
EVS,Pollution,4,What are the fundamental principles of Pollution in EVS?
EVS,Pollution,4,Explain Pollution with a real-life example.
EVS,Pollution,4,Discuss the significance of Pollution in EVS.
EVS,Pollution,4,How is Pollution applied in practical scenarios?
EVS,Pollution,4,Compare and contrast Pollution with related concepts in EVS.
EVS,Pollution,4,Describe a case study related to Pollution in EVS.
EVS,Pollution,4,Explain the historical development of Pollution in EVS.
EVS,Pollution,4,"What challenges arise in the study of Pollution, and how can they be addressed?"
EVS,Pollution,4,Illustrate Pollution with an example and explain its key features.
EVS,Pollution,4,Analyze the impact of Pollution in modern EVS studies.
EVS,Pollution,4,Explain how Pollution affects other concepts within EVS.
EVS,Pollution,4,Discuss any recent advancements related to Pollution.
EVS,Pollution,4,Provide an in-depth explanation of Pollution and its role in EVS.
EVS,Pollution,4,What are the ethical considerations related to Pollution?
EVS,Pollution,4,Critically evaluate the importance of Pollution in the study of EVS.
EVS,Conservation,1,What are the fundamental principles of Conservation in EVS?
EVS,Conservation,1,Explain Conservation with a real-life example.
EVS,Conservation,1,Discuss the significance of Conservation in EVS.
EVS,Conservation,1,How is Conservation applied in practical scenarios?
EVS,Conservation,1,Compare and contrast Conservation with related concepts in EVS.
EVS,Conservation,1,Describe a case study related to Conservation in EVS.
EVS,Conservation,1,Explain the historical development of Conservation in EVS.
EVS,Conservation,1,"What challenges arise in the study of Conservation, and how can they be addressed?"
EVS,Conservation,1,Illustrate Conservation with an example and explain its key features.
EVS,Conservation,1,Analyze the impact of Conservation in modern EVS studies.
EVS,Conservation,1,Explain how Conservation affects other concepts within EVS.
EVS,Conservation,1,Discuss any recent advancements related to Conservation.
EVS,Conservation,1,Provide an in-depth explanation of Conservation and its role in EVS.
EVS,Conservation,1,What are the ethical considerations related to Conservation?
EVS,Conservation,1,Critically evaluate the importance of Conservation in the study of EVS.
EVS,Conservation,2,What are the fundamental principles of Conservation in EVS?
EVS,Conservation,2,Explain Conservation with a real-life example.
EVS,Conservation,2,Discuss the significance of Conservation in EVS.
EVS,Conservation,2,How is Conservation applied in practical scenarios?
EVS,Conservation,2,Compare and contrast Conservation with related concepts in EVS.
EVS,Conservation,2,Describe a case study related to Conservation in EVS.
EVS,Conservation,2,Explain the historical development of Conservation in EVS.
EVS,Conservation,2,"What challenges arise in the study of Conservation, and how can they be addressed?"
EVS,Conservation,2,Illustrate Conservation with an example and explain its key features.
EVS,Conservation,2,Analyze the impact of Conservation in modern EVS studies.
EVS,Conservation,2,Explain how Conservation affects other concepts within EVS.
EVS,Conservation,2,Discuss any recent advancements related to Conservation.
EVS,Conservation,2,Provide an in-depth explanation of Conservation and its role in EVS.
EVS,Conservation,2,What are the ethical considerations related to Conservation?
EVS,Conservation,2,Critically evaluate the importance of Conservation in the study of EVS.
EVS,Conservation,3,What are the fundamental principles of Conservation in EVS?
EVS,Conservation,3,Explain Conservation with a real-life example.
EVS,Conservation,3,Discuss the significance of Conservation in EVS.
EVS,Conservation,3,How is Conservation applied in practical scenarios?
EVS,Conservation,3,Compare and contrast Conservation with related concepts in EVS.
EVS,Conservation,3,Describe a case study related to Conservation in EVS.
EVS,Conservation,3,Explain the historical development of Conservation in EVS.
EVS,Conservation,3,"What challenges arise in the study of Conservation, and how can they be addressed?"
EVS,Conservation,3,Illustrate Conservation with an example and explain its key features.
EVS,Conservation,3,Analyze the impact of Conservation in modern EVS studies.
EVS,Conservation,3,Explain how Conservation affects other concepts within EVS.
EVS,Conservation,3,Discuss any recent advancements related to Conservation.
EVS,Conservation,3,Provide an in-depth explanation of Conservation and its role in EVS.
EVS,Conservation,3,What are the ethical considerations related to Conservation?
EVS,Conservation,3,Critically evaluate the importance of Conservation in the study of EVS.
EVS,Conservation,4,What are the fundamental principles of Conservation in EVS?
EVS,Conservation,4,Explain Conservation with a real-life example.
EVS,Conservation,4,Discuss the significance of Conservation in EVS.
EVS,Conservation,4,How is Conservation applied in practical scenarios?
EVS,Conservation,4,Compare and contrast Conservation with related concepts in EVS.
EVS,Conservation,4,Describe a case study related to Conservation in EVS.
EVS,Conservation,4,Explain the historical development of Conservation in EVS.
EVS,Conservation,4,"What challenges arise in the study of Conservation, and how can they be addressed?"
EVS,Conservation,4,Illustrate Conservation with an example and explain its key features.
EVS,Conservation,4,Analyze the impact of Conservation in modern EVS studies.
EVS,Conservation,4,Explain how Conservation affects other concepts within EVS.
EVS,Conservation,4,Discuss any recent advancements related to Conservation.
EVS,Conservation,4,Provide an in-depth explanation of Conservation and its role in EVS.
EVS,Conservation,4,What are the ethical considerations related to Conservation?
EVS,Conservation,4,Critically evaluate the importance of Conservation in the study of EVS.
EVS,Renewable Energy,1,What are the fundamental principles of Renewable Energy in EVS?
EVS,Renewable Energy,1,Explain Renewable Energy with a real-life example.
EVS,Renewable Energy,1,Discuss the significance of Renewable Energy in EVS.
EVS,Renewable Energy,1,How is Renewable Energy applied in practical scenarios?
EVS,Renewable Energy,1,Compare and contrast Renewable Energy with related concepts in EVS.
EVS,Renewable Energy,1,Describe a case study related to Renewable Energy in EVS.
EVS,Renewable Energy,1,Explain the historical development of Renewable Energy in EVS.
EVS,Renewable Energy,1,"What challenges arise in the study of Renewable Energy, and how can they be addressed?"
EVS,Renewable Energy,1,Illustrate Renewable Energy with an example and explain its key features.
EVS,Renewable Energy,1,Analyze the impact of Renewable Energy in modern EVS studies.
EVS,Renewable Energy,1,Explain how Renewable Energy affects other concepts within EVS.
EVS,Renewable Energy,1,Discuss any recent advancements related to Renewable Energy.
EVS,Renewable Energy,1,Provide an in-depth explanation of Renewable Energy and its role in EVS.
EVS,Renewable Energy,1,What are the ethical considerations related to Renewable Energy?
EVS,Renewable Energy,1,Critically evaluate the importance of Renewable Energy in the study of EVS.
EVS,Renewable Energy,2,What are the fundamental principles of Renewable Energy in EVS?
EVS,Renewable Energy,2,Explain Renewable Energy with a real-life example.
EVS,Renewable Energy,2,Discuss the significance of Renewable Energy in EVS.
EVS,Renewable Energy,2,How is Renewable Energy applied in practical scenarios?
EVS,Renewable Energy,2,Compare and contrast Renewable Energy with related concepts in EVS.
EVS,Renewable Energy,2,Describe a case study related to Renewable Energy in EVS.
EVS,Renewable Energy,2,Explain the historical development of Renewable Energy in EVS.
EVS,Renewable Energy,2,"What challenges arise in the study of Renewable Energy, and how can they be addressed?"
EVS,Renewable Energy,2,Illustrate Renewable Energy with an example and explain its key features.
EVS,Renewable Energy,2,Analyze the impact of Renewable Energy in modern EVS studies.
EVS,Renewable Energy,2,Explain how Renewable Energy affects other concepts within EVS.
EVS,Renewable Energy,2,Discuss any recent advancements related to Renewable Energy.
EVS,Renewable Energy,2,Provide an in-depth explanation of Renewable Energy and its role in EVS.
EVS,Renewable Energy,2,What are the ethical considerations related to Renewable Energy?
EVS,Renewable Energy,2,Critically evaluate the importance of Renewable Energy in the study of EVS.
EVS,Renewable Energy,3,What are the fundamental principles of Renewable Energy in EVS?
EVS,Renewable Energy,3,Explain Renewable Energy with a real-life example.
EVS,Renewable Energy,3,Discuss the significance of Renewable Energy in EVS.
EVS,Renewable Energy,3,How is Renewable Energy applied in practical scenarios?
EVS,Renewable Energy,3,Compare and contrast Renewable Energy with related concepts in EVS.
EVS,Renewable Energy,3,Describe a case study related to Renewable Energy in EVS.
EVS,Renewable Energy,3,Explain the historical development of Renewable Energy in EVS.
EVS,Renewable Energy,3,"What challenges arise in the study of Renewable Energy, and how can they be addressed?"
EVS,Renewable Energy,3,Illustrate Renewable Energy with an example and explain its key features.
EVS,Renewable Energy,3,Analyze the impact of Renewable Energy in modern EVS studies.
EVS,Renewable Energy,3,Explain how Renewable Energy affects other concepts within EVS.
EVS,Renewable Energy,3,Discuss any recent advancements related to Renewable Energy.
EVS,Renewable Energy,3,Provide an in-depth explanation of Renewable Energy and its role in EVS.
EVS,Renewable Energy,3,What are the ethical considerations related to Renewable Energy?
EVS,Renewable Energy,3,Critically evaluate the importance of Renewable Energy in the study of EVS.
EVS,Renewable Energy,4,What are the fundamental principles of Renewable Energy in EVS?
EVS,Renewable Energy,4,Explain Renewable Energy with a real-life example.
EVS,Renewable Energy,4,Discuss the significance of Renewable Energy in EVS.
EVS,Renewable Energy,4,How is Renewable Energy applied in practical scenarios?
EVS,Renewable Energy,4,Compare and contrast Renewable Energy with related concepts in EVS.
EVS,Renewable Energy,4,Describe a case study related to Renewable Energy in EVS.
EVS,Renewable Energy,4,Explain the historical development of Renewable Energy in EVS.
EVS,Renewable Energy,4,"What challenges arise in the study of Renewable Energy, and how can they be addressed?"
EVS,Renewable Energy,4,Illustrate Renewable Energy with an example and explain its key features.
EVS,Renewable Energy,4,Analyze the impact of Renewable Energy in modern EVS studies.
EVS,Renewable Energy,4,Explain how Renewable Energy affects other concepts within EVS.
EVS,Renewable Energy,4,Discuss any recent advancements related to Renewable Energy.
EVS,Renewable Energy,4,Provide an in-depth explanation of Renewable Energy and its role in EVS.
EVS,Renewable Energy,4,What are the ethical considerations related to Renewable Energy?
EVS,Renewable Energy,4,Critically evaluate the importance of Renewable Energy in the study of EVS.
EVS,Waste Management,1,What are the fundamental principles of Waste Management in EVS?
EVS,Waste Management,1,Explain Waste Management with a real-life example.
EVS,Waste Management,1,Discuss the significance of Waste Management in EVS.
EVS,Waste Management,1,How is Waste Management applied in practical scenarios?
EVS,Waste Management,1,Compare and contrast Waste Management with related concepts in EVS.
EVS,Waste Management,1,Describe a case study related to Waste Management in EVS.
EVS,Waste Management,1,Explain the historical development of Waste Management in EVS.
EVS,Waste Management,1,"What challenges arise in the study of Waste Management, and how can they be addressed?"
EVS,Waste Management,1,Illustrate Waste Management with an example and explain its key features.
EVS,Waste Management,1,Analyze the impact of Waste Management in modern EVS studies.
EVS,Waste Management,1,Explain how Waste Management affects other concepts within EVS.
EVS,Waste Management,1,Discuss any recent advancements related to Waste Management.
EVS,Waste Management,1,Provide an in-depth explanation of Waste Management and its role in EVS.
EVS,Waste Management,1,What are the ethical considerations related to Waste Management?
EVS,Waste Management,1,Critically evaluate the importance of Waste Management in the study of EVS.
EVS,Waste Management,2,What are the fundamental principles of Waste Management in EVS?
EVS,Waste Management,2,Explain Waste Management with a real-life example.
EVS,Waste Management,2,Discuss the significance of Waste Management in EVS.
EVS,Waste Management,2,How is Waste Management applied in practical scenarios?
EVS,Waste Management,2,Compare and contrast Waste Management with related concepts in EVS.
EVS,Waste Management,2,Describe a case study related to Waste Management in EVS.
EVS,Waste Management,2,Explain the historical development of Waste Management in EVS.
EVS,Waste Management,2,"What challenges arise in the study of Waste Management, and how can they be addressed?"
EVS,Waste Management,2,Illustrate Waste Management with an example and explain its key features.
EVS,Waste Management,2,Analyze the impact of Waste Management in modern EVS studies.
EVS,Waste Management,2,Explain how Waste Management affects other concepts within EVS.
EVS,Waste Management,2,Discuss any recent advancements related to Waste Management.
EVS,Waste Management,2,Provide an in-depth explanation of Waste Management and its role in EVS.
EVS,Waste Management,2,What are the ethical considerations related to Waste Management?
EVS,Waste Management,2,Critically evaluate the importance of Waste Management in the study of EVS.
EVS,Waste Management,3,What are the fundamental principles of Waste Management in EVS?
EVS,Waste Management,3,Explain Waste Management with a real-life example.
EVS,Waste Management,3,Discuss the significance of Waste Management in EVS.
EVS,Waste Management,3,How is Waste Management applied in practical scenarios?
EVS,Waste Management,3,Compare and contrast Waste Management with related concepts in EVS.
EVS,Waste Management,3,Describe a case study related to Waste Management in EVS.
EVS,Waste Management,3,Explain the historical development of Waste Management in EVS.
EVS,Waste Management,3,"What challenges arise in the study of Waste Management, and how can they be addressed?"
EVS,Waste Management,3,Illustrate Waste Management with an example and explain its key features.
EVS,Waste Management,3,Analyze the impact of Waste Management in modern EVS studies.
EVS,Waste Management,3,Explain how Waste Management affects other concepts within EVS.
EVS,Waste Management,3,Discuss any recent advancements related to Waste Management.
EVS,Waste Management,3,Provide an in-depth explanation of Waste Management and its role in EVS.
EVS,Waste Management,3,What are the ethical considerations related to Waste Management?
EVS,Waste Management,3,Critically evaluate the importance of Waste Management in the study of EVS.
EVS,Waste Management,4,What are the fundamental principles of Waste Management in EVS?
EVS,Waste Management,4,Explain Waste Management with a real-life example.
EVS,Waste Management,4,Discuss the significance of Waste Management in EVS.
EVS,Waste Management,4,How is Waste Management applied in practical scenarios?
EVS,Waste Management,4,Compare and contrast Waste Management with related concepts in EVS.
EVS,Waste Management,4,Describe a case study related to Waste Management in EVS.
EVS,Waste Management,4,Explain the historical development of Waste Management in EVS.
EVS,Waste Management,4,"What challenges arise in the study of Waste Management, and how can they be addressed?"
EVS,Waste Management,4,Illustrate Waste Management with an example and explain its key features.
EVS,Waste Management,4,Analyze the impact of Waste Management in modern EVS studies.
EVS,Waste Management,4,Explain how Waste Management affects other concepts within EVS.
EVS,Waste Management,4,Discuss any recent advancements related to Waste Management.
EVS,Waste Management,4,Provide an in-depth explanation of Waste Management and its role in EVS.
EVS,Waste Management,4,What are the ethical considerations related to Waste Management?
EVS,Waste Management,4,Critically evaluate the importance of Waste Management in the study of EVS.
EVS,Ecosystems,1,What are the fundamental principles of Ecosystems in EVS?
EVS,Ecosystems,1,Explain Ecosystems with a real-life example.
EVS,Ecosystems,1,Discuss the significance of Ecosystems in EVS.
EVS,Ecosystems,1,How is Ecosystems applied in practical scenarios?
EVS,Ecosystems,1,Compare and contrast Ecosystems with related concepts in EVS.
EVS,Ecosystems,1,Describe a case study related to Ecosystems in EVS.
EVS,Ecosystems,1,Explain the historical development of Ecosystems in EVS.
EVS,Ecosystems,1,"What challenges arise in the study of Ecosystems, and how can they be addressed?"
EVS,Ecosystems,1,Illustrate Ecosystems with an example and explain its key features.
EVS,Ecosystems,1,Analyze the impact of Ecosystems in modern EVS studies.
EVS,Ecosystems,1,Explain how Ecosystems affects other concepts within EVS.
EVS,Ecosystems,1,Discuss any recent advancements related to Ecosystems.
EVS,Ecosystems,1,Provide an in-depth explanation of Ecosystems and its role in EVS.
EVS,Ecosystems,1,What are the ethical considerations related to Ecosystems?
EVS,Ecosystems,1,Critically evaluate the importance of Ecosystems in the study of EVS.
EVS,Ecosystems,2,What are the fundamental principles of Ecosystems in EVS?
EVS,Ecosystems,2,Explain Ecosystems with a real-life example.
EVS,Ecosystems,2,Discuss the significance of Ecosystems in EVS.
EVS,Ecosystems,2,How is Ecosystems applied in practical scenarios?
EVS,Ecosystems,2,Compare and contrast Ecosystems with related concepts in EVS.
EVS,Ecosystems,2,Describe a case study related to Ecosystems in EVS.
EVS,Ecosystems,2,Explain the historical development of Ecosystems in EVS.
EVS,Ecosystems,2,"What challenges arise in the study of Ecosystems, and how can they be addressed?"
EVS,Ecosystems,2,Illustrate Ecosystems with an example and explain its key features.
EVS,Ecosystems,2,Analyze the impact of Ecosystems in modern EVS studies.
EVS,Ecosystems,2,Explain how Ecosystems affects other concepts within EVS.
EVS,Ecosystems,2,Discuss any recent advancements related to Ecosystems.
EVS,Ecosystems,2,Provide an in-depth explanation of Ecosystems and its role in EVS.
EVS,Ecosystems,2,What are the ethical considerations related to Ecosystems?
EVS,Ecosystems,2,Critically evaluate the importance of Ecosystems in the study of EVS.
EVS,Ecosystems,3,What are the fundamental principles of Ecosystems in EVS?
EVS,Ecosystems,3,Explain Ecosystems with a real-life example.
EVS,Ecosystems,3,Discuss the significance of Ecosystems in EVS.
EVS,Ecosystems,3,How is Ecosystems applied in practical scenarios?
EVS,Ecosystems,3,Compare and contrast Ecosystems with related concepts in EVS.
EVS,Ecosystems,3,Describe a case study related to Ecosystems in EVS.
EVS,Ecosystems,3,Explain the historical development of Ecosystems in EVS.
EVS,Ecosystems,3,"What challenges arise in the study of Ecosystems, and how can they be addressed?"
EVS,Ecosystems,3,Illustrate Ecosystems with an example and explain its key features.
EVS,Ecosystems,3,Analyze the impact of Ecosystems in modern EVS studies.
EVS,Ecosystems,3,Explain how Ecosystems affects other concepts within EVS.
EVS,Ecosystems,3,Discuss any recent advancements related to Ecosystems.
EVS,Ecosystems,3,Provide an in-depth explanation of Ecosystems and its role in EVS.
EVS,Ecosystems,3,What are the ethical considerations related to Ecosystems?
EVS,Ecosystems,3,Critically evaluate the importance of Ecosystems in the study of EVS.
EVS,Ecosystems,4,What are the fundamental principles of Ecosystems in EVS?
EVS,Ecosystems,4,Explain Ecosystems with a real-life example.
EVS,Ecosystems,4,Discuss the significance of Ecosystems in EVS.
EVS,Ecosystems,4,How is Ecosystems applied in practical scenarios?
EVS,Ecosystems,4,Compare and contrast Ecosystems with related concepts in EVS.
EVS,Ecosystems,4,Describe a case study related to Ecosystems in EVS.
EVS,Ecosystems,4,Explain the historical development of Ecosystems in EVS.
EVS,Ecosystems,4,"What challenges arise in the study of Ecosystems, and how can they be addressed?"
EVS,Ecosystems,4,Illustrate Ecosystems with an example and explain its key features.
EVS,Ecosystems,4,Analyze the impact of Ecosystems in modern EVS studies.
EVS,Ecosystems,4,Explain how Ecosystems affects other concepts within EVS.
EVS,Ecosystems,4,Discuss any recent advancements related to Ecosystems.
EVS,Ecosystems,4,Provide an in-depth explanation of Ecosystems and its role in EVS.
EVS,Ecosystems,4,What are the ethical considerations related to Ecosystems?
EVS,Ecosystems,4,Critically evaluate the importance of Ecosystems in the study of EVS.
